,participant,task,trial,choice,reward,state,next_state,tier
0,0,0,0,4,0,10,10,0.0
1,0,0,1,3,0,10,7,0.0
2,0,0,2,2,0,7,2,0.0
3,0,0,3,1,0,2,8,0.0
4,0,0,4,3,0,8,2,0.0
5,0,0,5,1,0,2,8,0.0
6,0,0,6,2,0,8,7,0.0
7,0,0,7,2,0,7,2,0.0
8,0,0,8,1,0,2,8,0.0
9,0,0,9,1,0,8,3,0.0
10,0,0,10,1,0,3,7,0.0
11,0,0,11,2,0,7,2,0.0
12,0,0,12,1,0,2,8,0.0
13,0,0,13,1,0,8,3,0.0
14,0,0,14,4,0,3,8,0.0
15,0,0,15,1,0,8,3,0.0
16,0,0,16,2,0,3,3,0.0
17,0,0,17,3,0,3,2,0.0
18,0,0,18,1,0,2,8,0.0
19,0,0,19,1,0,8,3,0.0
20,0,0,20,1,0,3,7,0.0
21,0,0,21,4,0,7,7,0.0
22,0,0,22,3,0,7,8,0.0
23,0,0,23,2,0,8,7,0.0
24,0,0,24,3,0,7,8,0.0
25,0,0,25,4,0,8,8,0.0
26,0,0,26,1,0,8,3,0.0
27,0,0,27,4,0,3,8,0.0
28,0,0,28,2,0,8,7,0.0
29,0,0,29,4,0,7,7,0.0
30,0,0,30,2,0,7,2,0.0
31,0,0,31,3,0,2,6,0.0
32,0,0,32,1,0,6,7,0.0
33,0,0,33,2,0,7,2,0.0
34,0,0,34,3,0,2,6,0.0
35,0,0,35,4,0,6,6,0.0
36,0,0,36,3,0,6,3,0.0
37,0,0,37,1,0,3,7,0.0
38,0,0,38,2,0,7,2,0.0
39,0,0,39,3,0,2,6,0.0
40,0,0,40,2,0,6,4,0.0
41,0,0,41,2,0,4,7,0.0
42,0,0,42,2,0,7,2,0.0
43,0,0,43,3,0,2,6,0.0
44,0,0,44,2,0,6,4,0.0
45,0,0,45,4,0,4,9,0.0
46,0,0,46,3,0,9,9,0.0
47,0,0,47,4,0,9,7,0.0
48,0,0,48,2,0,7,2,0.0
49,0,0,49,3,0,2,6,0.0
50,0,0,50,2,0,6,4,0.0
51,0,0,51,4,0,4,9,0.0
52,0,0,52,2,0,9,8,0.0
53,0,0,53,1,0,8,3,0.0
54,0,0,54,3,0,3,2,0.0
55,0,0,55,3,0,2,6,0.0
56,0,0,56,2,0,6,4,0.0
57,0,0,57,3,0,4,4,0.0
58,0,0,58,2,0,4,7,0.0
59,0,0,59,2,0,7,2,0.0
60,0,0,60,3,0,2,6,0.0
61,0,0,61,2,0,6,4,0.0
62,0,0,62,1,0,4,3,0.0
63,0,0,63,4,0,3,8,0.0
64,0,0,64,3,0,8,2,0.0
65,0,0,65,3,0,2,6,0.0
66,0,0,66,2,0,6,4,0.0
67,0,0,67,4,0,4,9,0.0
68,0,0,68,4,0,9,7,0.0
69,0,0,69,2,0,7,2,0.0
70,0,0,70,3,0,2,6,0.0
71,0,0,71,2,0,6,4,0.0
72,0,0,72,4,0,4,9,0.0
73,0,0,73,3,0,9,9,0.0
74,0,0,74,2,0,9,8,0.0
75,0,0,75,2,0,8,7,0.0
76,0,0,76,2,0,7,2,0.0
77,0,0,77,3,0,2,6,0.0
78,0,0,78,1,0,6,7,0.0
79,0,0,79,4,0,7,7,0.0
80,0,0,80,3,0,7,8,0.0
81,0,0,81,4,0,8,8,0.0
82,0,0,82,3,0,8,2,0.0
83,0,0,83,1,0,2,8,0.0
84,0,0,84,1,0,8,3,0.0
85,0,0,85,1,0,3,7,0.0
86,0,0,86,3,0,7,8,0.0
87,0,0,87,2,0,8,7,0.0
88,0,0,88,1,0,7,3,0.0
89,0,0,89,4,0,3,8,0.0
90,0,0,90,4,0,8,8,0.0
91,0,0,91,3,0,8,2,0.0
92,0,0,92,4,0,2,7,0.0
93,0,0,93,2,0,7,2,0.0
94,0,0,94,3,0,2,6,0.0
95,0,0,95,2,0,6,4,0.0
96,0,0,96,2,0,4,7,0.0
97,0,0,97,2,0,7,2,0.0
98,0,0,98,3,0,2,6,0.0
99,0,0,99,2,0,6,4,0.0
100,0,0,100,4,0,4,9,0.0
101,0,0,101,1,0,9,5,0.0
102,0,0,102,1,0,5,5,0.0
103,0,0,103,2,0,5,8,0.0
104,0,0,104,3,0,8,2,0.0
105,0,0,105,3,0,2,6,0.0
106,0,0,106,2,0,6,4,0.0
107,0,0,107,4,0,4,9,0.0
108,0,0,108,1,0,9,5,0.0
109,0,0,109,2,0,5,8,0.0
110,0,0,110,1,0,8,3,0.0
111,0,0,111,4,0,3,8,0.0
112,0,0,112,3,0,8,2,0.0
113,0,0,113,3,0,2,6,0.0
114,0,0,114,2,0,6,4,0.0
115,0,0,115,3,0,4,4,0.0
116,0,0,116,4,0,4,9,0.0
117,0,0,117,1,0,9,5,0.0
118,0,0,118,1,0,5,5,0.0
119,0,0,119,4,0,5,3,0.0
120,0,0,120,2,0,3,3,0.0
121,0,0,121,1,0,3,7,0.0
122,0,0,122,2,0,7,2,0.0
123,0,0,123,3,0,2,6,0.0
124,0,0,124,2,0,6,4,0.0
125,0,0,125,4,0,4,9,0.0
126,0,0,126,1,0,9,5,0.0
127,0,0,127,4,0,5,3,0.0
128,0,0,128,4,0,3,8,0.0
129,0,0,129,4,0,8,8,0.0
130,0,0,130,2,0,8,7,0.0
131,0,0,131,2,0,7,2,0.0
132,0,0,132,3,0,2,6,0.0
133,0,0,133,2,0,6,4,0.0
134,0,0,134,4,0,4,9,0.0
135,0,0,135,1,0,9,5,0.0
136,0,0,136,3,0,5,10,0.0
137,0,0,137,3,0,10,7,0.0
138,0,0,138,2,0,7,2,0.0
139,0,0,139,3,0,2,6,0.0
140,0,0,140,2,0,6,4,0.0
141,0,0,141,4,0,4,9,0.0
142,0,0,142,1,0,9,5,0.0
143,0,0,143,3,0,5,10,0.0
144,0,0,144,4,0,10,10,0.0
145,0,0,145,2,0,10,11,0.0
146,0,0,146,1,1,11,1,0.0
147,0,1,0,2,0,7,2,0.0
148,0,1,1,3,0,2,6,0.0
149,0,1,2,2,0,6,4,0.0
150,0,1,3,4,0,4,9,0.0
151,0,1,4,1,0,9,5,0.0
152,0,1,5,3,0,5,10,0.0
153,0,1,6,2,0,10,11,0.0
154,0,1,7,2,0,11,7,0.0
155,0,1,8,2,0,7,2,0.0
156,0,1,9,3,0,2,6,0.0
157,0,1,10,2,0,6,4,0.0
158,0,1,11,4,0,4,9,0.0
159,0,1,12,1,0,9,5,0.0
160,0,1,13,3,0,5,10,0.0
161,0,1,14,2,0,10,11,0.0
162,0,1,15,1,1,11,1,0.0
163,0,2,0,1,0,9,5,0.0
164,0,2,1,3,0,5,10,0.0
165,0,2,2,2,0,10,11,0.0
166,0,2,3,1,1,11,1,0.0
167,0,3,0,3,0,5,10,0.0
168,0,3,1,2,0,10,11,0.0
169,0,3,2,1,1,11,1,0.0
170,0,4,0,3,0,3,2,0.0
171,0,4,1,2,0,2,2,0.0
172,0,4,2,3,0,2,6,0.0
173,0,4,3,2,0,6,4,0.0
174,0,4,4,4,0,4,9,0.0
175,0,4,5,1,0,9,5,0.0
176,0,4,6,3,0,5,10,0.0
177,0,4,7,2,0,10,11,0.0
178,0,4,8,1,1,11,1,0.0
179,1,0,0,1,0,10,8,0.0
180,1,0,1,1,0,8,3,0.0
181,1,0,2,1,0,3,7,0.0
182,1,0,3,1,0,7,3,0.0
183,1,0,4,1,0,3,7,0.0
184,1,0,5,2,0,7,2,0.0
185,1,0,6,1,0,2,8,0.0
186,1,0,7,1,0,8,3,0.0
187,1,0,8,1,0,3,7,0.0
188,1,0,9,2,0,7,2,0.0
189,1,0,10,2,0,2,2,0.0
190,1,0,11,3,0,2,6,0.0
191,1,0,12,1,0,6,7,0.0
192,1,0,13,1,0,7,3,0.0
193,1,0,14,2,0,3,3,0.0
194,1,0,15,3,0,3,2,0.0
195,1,0,16,2,0,2,2,0.0
196,1,0,17,3,0,2,6,0.0
197,1,0,18,2,0,6,4,0.0
198,1,0,19,1,0,4,3,0.0
199,1,0,20,1,0,3,7,0.0
200,1,0,21,2,0,7,2,0.0
201,1,0,22,3,0,2,6,0.0
202,1,0,23,2,0,6,4,0.0
203,1,0,24,2,0,4,7,0.0
204,1,0,25,2,0,7,2,0.0
205,1,0,26,3,0,2,6,0.0
206,1,0,27,2,0,6,4,0.0
207,1,0,28,3,0,4,4,0.0
208,1,0,29,4,0,4,9,0.0
209,1,0,30,1,0,9,5,0.0
210,1,0,31,1,0,5,5,0.0
211,1,0,32,2,0,5,8,0.0
212,1,0,33,2,0,8,7,0.0
213,1,0,34,3,0,7,8,0.0
214,1,0,35,4,0,8,8,0.0
215,1,0,36,3,0,8,2,0.0
216,1,0,37,3,0,2,6,0.0
217,1,0,38,2,0,6,4,0.0
218,1,0,39,4,0,4,9,0.0
219,1,0,40,2,0,9,8,0.0
220,1,0,41,3,0,8,2,0.0
221,1,0,42,3,0,2,6,0.0
222,1,0,43,4,0,6,6,0.0
223,1,0,44,3,0,6,3,0.0
224,1,0,45,4,0,3,8,0.0
225,1,0,46,3,0,8,2,0.0
226,1,0,47,3,0,2,6,0.0
227,1,0,48,4,0,6,6,0.0
228,1,0,49,3,0,6,3,0.0
229,1,0,50,4,0,3,8,0.0
230,1,0,51,3,0,8,2,0.0
231,1,0,52,3,0,2,6,0.0
232,1,0,53,2,0,6,4,0.0
233,1,0,54,4,0,4,9,0.0
234,1,0,55,4,0,9,7,0.0
235,1,0,56,3,0,7,8,0.0
236,1,0,57,3,0,8,2,0.0
237,1,0,58,3,0,2,6,0.0
238,1,0,59,2,0,6,4,0.0
239,1,0,60,4,0,4,9,0.0
240,1,0,61,3,0,9,9,0.0
241,1,0,62,2,0,9,8,0.0
242,1,0,63,3,0,8,2,0.0
243,1,0,64,3,0,2,6,0.0
244,1,0,65,2,0,6,4,0.0
245,1,0,66,4,0,4,9,0.0
246,1,0,67,1,0,9,5,0.0
247,1,0,68,4,0,5,3,0.0
248,1,0,69,4,0,3,8,0.0
249,1,0,70,3,0,8,2,0.0
250,1,0,71,3,0,2,6,0.0
251,1,0,72,2,0,6,4,0.0
252,1,0,73,4,0,4,9,0.0
253,1,0,74,1,0,9,5,0.0
254,1,0,75,3,0,5,10,0.0
255,1,0,76,2,0,10,11,0.0
256,1,0,77,1,1,11,1,0.0
257,1,1,0,3,0,7,8,0.0
258,1,1,1,3,0,8,2,0.0
259,1,1,2,3,0,2,6,0.0
260,1,1,3,2,0,6,4,0.0
261,1,1,4,4,0,4,9,0.0
262,1,1,5,1,0,9,5,0.0
263,1,1,6,3,0,5,10,0.0
264,1,1,7,2,0,10,11,0.0
265,1,1,8,1,1,11,1,0.0
266,1,2,0,1,0,9,5,0.0
267,1,2,1,3,0,5,10,0.0
268,1,2,2,2,0,10,11,0.0
269,1,2,3,1,1,11,1,0.0
270,1,3,0,3,0,5,10,0.0
271,1,3,1,1,0,10,8,0.0
272,1,3,2,3,0,8,2,0.0
273,1,3,3,3,0,2,6,0.0
274,1,3,4,2,0,6,4,0.0
275,1,3,5,4,0,4,9,0.0
276,1,3,6,1,0,9,5,0.0
277,1,3,7,3,0,5,10,0.0
278,1,3,8,2,0,10,11,0.0
279,1,3,9,1,1,11,1,0.0
280,1,4,0,2,0,3,3,0.0
281,1,4,1,3,0,3,2,0.0
282,1,4,2,3,0,2,6,0.0
283,1,4,3,4,0,6,6,0.0
284,1,4,4,3,0,6,3,0.0
285,1,4,5,3,0,3,2,0.0
286,1,4,6,3,0,2,6,0.0
287,1,4,7,2,0,6,4,0.0
288,1,4,8,4,0,4,9,0.0
289,1,4,9,1,0,9,5,0.0
290,1,4,10,3,0,5,10,0.0
291,1,4,11,2,0,10,11,0.0
292,1,4,12,1,1,11,1,0.0
293,2,0,0,1,0,10,8,0.0
294,2,0,1,1,0,8,3,0.0
295,2,0,2,1,0,3,7,0.0
296,2,0,3,1,0,7,3,0.0
297,2,0,4,2,0,3,3,0.0
298,2,0,5,3,0,3,2,0.0
299,2,0,6,1,0,2,8,0.0
300,2,0,7,1,0,8,3,0.0
301,2,0,8,3,0,3,2,0.0
302,2,0,9,2,0,2,2,0.0
303,2,0,10,3,0,2,6,0.0
304,2,0,11,1,0,6,7,0.0
305,2,0,12,1,0,7,3,0.0
306,2,0,13,3,0,3,2,0.0
307,2,0,14,3,0,2,6,0.0
308,2,0,15,2,0,6,4,0.0
309,2,0,16,1,0,4,3,0.0
310,2,0,17,3,0,3,2,0.0
311,2,0,18,3,0,2,6,0.0
312,2,0,19,2,0,6,4,0.0
313,2,0,20,2,0,4,7,0.0
314,2,0,21,1,0,7,3,0.0
315,2,0,22,3,0,3,2,0.0
316,2,0,23,3,0,2,6,0.0
317,2,0,24,2,0,6,4,0.0
318,2,0,25,3,0,4,4,0.0
319,2,0,26,4,0,4,9,0.0
320,2,0,27,1,0,9,5,0.0
321,2,0,28,1,0,5,5,0.0
322,2,0,29,2,0,5,8,0.0
323,2,0,30,1,0,8,3,0.0
324,2,0,31,3,0,3,2,0.0
325,2,0,32,3,0,2,6,0.0
326,2,0,33,2,0,6,4,0.0
327,2,0,34,3,0,4,4,0.0
328,2,0,35,4,0,4,9,0.0
329,2,0,36,1,0,9,5,0.0
330,2,0,37,1,0,5,5,0.0
331,2,0,38,3,0,5,10,0.0
332,2,0,39,1,0,10,8,0.0
333,2,0,40,1,0,8,3,0.0
334,2,0,41,3,0,3,2,0.0
335,2,0,42,3,0,2,6,0.0
336,2,0,43,2,0,6,4,0.0
337,2,0,44,4,0,4,9,0.0
338,2,0,45,1,0,9,5,0.0
339,2,0,46,2,0,5,8,0.0
340,2,0,47,1,0,8,3,0.0
341,2,0,48,3,0,3,2,0.0
342,2,0,49,3,0,2,6,0.0
343,2,0,50,2,0,6,4,0.0
344,2,0,51,4,0,4,9,0.0
345,2,0,52,1,0,9,5,0.0
346,2,0,53,4,0,5,3,0.0
347,2,0,54,3,0,3,2,0.0
348,2,0,55,3,0,2,6,0.0
349,2,0,56,2,0,6,4,0.0
350,2,0,57,4,0,4,9,0.0
351,2,0,58,2,0,9,8,0.0
352,2,0,59,1,0,8,3,0.0
353,2,0,60,3,0,3,2,0.0
354,2,0,61,3,0,2,6,0.0
355,2,0,62,2,0,6,4,0.0
356,2,0,63,4,0,4,9,0.0
357,2,0,64,3,0,9,9,0.0
358,2,0,65,4,0,9,7,0.0
359,2,0,66,1,0,7,3,0.0
360,2,0,67,3,0,3,2,0.0
361,2,0,68,3,0,2,6,0.0
362,2,0,69,3,0,6,3,0.0
363,2,0,70,3,0,3,2,0.0
364,2,0,71,3,0,2,6,0.0
365,2,0,72,4,0,6,6,0.0
366,2,0,73,3,0,6,3,0.0
367,2,0,74,3,0,3,2,0.0
368,2,0,75,4,0,2,7,0.0
369,2,0,76,1,0,7,3,0.0
370,2,0,77,4,0,3,8,0.0
371,2,0,78,1,0,8,3,0.0
372,2,0,79,4,0,3,8,0.0
373,2,0,80,2,0,8,7,0.0
374,2,0,81,1,0,7,3,0.0
375,2,0,82,4,0,3,8,0.0
376,2,0,83,3,0,8,2,0.0
377,2,0,84,4,0,2,7,0.0
378,2,0,85,1,0,7,3,0.0
379,2,0,86,4,0,3,8,0.0
380,2,0,87,4,0,8,8,0.0
381,2,0,88,3,0,8,2,0.0
382,2,0,89,4,0,2,7,0.0
383,2,0,90,2,0,7,2,0.0
384,2,0,91,4,0,2,7,0.0
385,2,0,92,3,0,7,8,0.0
386,2,0,93,4,0,8,8,0.0
387,2,0,94,3,0,8,2,0.0
388,2,0,95,4,0,2,7,0.0
389,2,0,96,4,0,7,7,0.0
390,2,0,97,1,0,7,3,0.0
391,2,0,98,4,0,3,8,0.0
392,2,0,99,2,0,8,7,0.0
393,2,0,100,4,0,7,7,0.0
394,2,0,101,1,0,7,3,0.0
395,2,0,102,4,0,3,8,0.0
396,2,0,103,2,0,8,7,0.0
397,2,0,104,1,0,7,3,0.0
398,2,0,105,4,0,3,8,0.0
399,2,0,106,1,0,8,3,0.0
400,2,0,107,4,0,3,8,0.0
401,2,0,108,3,0,8,2,0.0
402,2,0,109,4,0,2,7,0.0
403,2,0,110,1,0,7,3,0.0
404,2,0,111,3,0,3,2,0.0
405,2,0,112,3,0,2,6,0.0
406,2,0,113,2,0,6,4,0.0
407,2,0,114,4,0,4,9,0.0
408,2,0,115,4,0,9,7,0.0
409,2,0,116,1,0,7,3,0.0
410,2,0,117,3,0,3,2,0.0
411,2,0,118,3,0,2,6,0.0
412,2,0,119,2,0,6,4,0.0
413,2,0,120,4,0,4,9,0.0
414,2,0,121,3,0,9,9,0.0
415,2,0,122,2,0,9,8,0.0
416,2,0,123,1,0,8,3,0.0
417,2,0,124,3,0,3,2,0.0
418,2,0,125,3,0,2,6,0.0
419,2,0,126,2,0,6,4,0.0
420,2,0,127,4,0,4,9,0.0
421,2,0,128,1,0,9,5,0.0
422,2,0,129,1,0,5,5,0.0
423,2,0,130,3,0,5,10,0.0
424,2,0,131,2,0,10,11,0.0
425,2,0,132,1,1,11,1,0.0
426,2,1,0,4,0,7,7,0.0
427,2,1,1,3,0,7,8,0.0
428,2,1,2,1,0,8,3,0.0
429,2,1,3,3,0,3,2,0.0
430,2,1,4,3,0,2,6,0.0
431,2,1,5,2,0,6,4,0.0
432,2,1,6,4,0,4,9,0.0
433,2,1,7,1,0,9,5,0.0
434,2,1,8,2,0,5,8,0.0
435,2,1,9,1,0,8,3,0.0
436,2,1,10,3,0,3,2,0.0
437,2,1,11,3,0,2,6,0.0
438,2,1,12,2,0,6,4,0.0
439,2,1,13,4,0,4,9,0.0
440,2,1,14,1,0,9,5,0.0
441,2,1,15,3,0,5,10,0.0
442,2,1,16,2,0,10,11,0.0
443,2,1,17,1,1,11,1,0.0
444,2,2,0,1,0,9,5,0.0
445,2,2,1,3,0,5,10,0.0
446,2,2,2,2,0,10,11,0.0
447,2,2,3,1,1,11,1,0.0
448,2,3,0,3,0,5,10,0.0
449,2,3,1,2,0,10,11,0.0
450,2,3,2,1,1,11,1,0.0
451,2,4,0,3,0,3,2,0.0
452,2,4,1,3,0,2,6,0.0
453,2,4,2,2,0,6,4,0.0
454,2,4,3,4,0,4,9,0.0
455,2,4,4,1,0,9,5,0.0
456,2,4,5,3,0,5,10,0.0
457,2,4,6,2,0,10,11,0.0
458,2,4,7,1,1,11,1,0.0
459,3,0,0,1,0,10,8,0.0
460,3,0,1,1,0,8,3,0.0
461,3,0,2,1,0,3,7,0.0
462,3,0,3,1,0,7,3,0.0
463,3,0,4,2,0,3,3,0.0
464,3,0,5,1,0,3,7,0.0
465,3,0,6,2,0,7,2,0.0
466,3,0,7,1,0,2,8,0.0
467,3,0,8,1,0,8,3,0.0
468,3,0,9,2,0,3,3,0.0
469,3,0,10,1,0,3,7,0.0
470,3,0,11,2,0,7,2,0.0
471,3,0,12,2,0,2,2,0.0
472,3,0,13,3,0,2,6,0.0
473,3,0,14,1,0,6,7,0.0
474,3,0,15,2,0,7,2,0.0
475,3,0,16,4,0,2,7,0.0
476,3,0,17,3,0,7,8,0.0
477,3,0,18,4,0,8,8,0.0
478,3,0,19,3,0,8,2,0.0
479,3,0,20,2,0,2,2,0.0
480,3,0,21,1,0,2,8,0.0
481,3,0,22,4,0,8,8,0.0
482,3,0,23,2,0,8,7,0.0
483,3,0,24,3,0,7,8,0.0
484,3,0,25,1,0,8,3,0.0
485,3,0,26,3,0,3,2,0.0
486,3,0,27,1,0,2,8,0.0
487,3,0,28,2,0,8,7,0.0
488,3,0,29,3,0,7,8,0.0
489,3,0,30,1,0,8,3,0.0
490,3,0,31,4,0,3,8,0.0
491,3,0,32,4,0,8,8,0.0
492,3,0,33,3,0,8,2,0.0
493,3,0,34,3,0,2,6,0.0
494,3,0,35,2,0,6,4,0.0
495,3,0,36,1,0,4,3,0.0
496,3,0,37,1,0,3,7,0.0
497,3,0,38,3,0,7,8,0.0
498,3,0,39,3,0,8,2,0.0
499,3,0,40,2,0,2,2,0.0
500,3,0,41,3,0,2,6,0.0
501,3,0,42,2,0,6,4,0.0
502,3,0,43,4,0,4,9,0.0
503,3,0,44,1,0,9,5,0.0
504,3,0,45,4,0,5,3,0.0
505,3,0,46,3,0,3,2,0.0
506,3,0,47,1,0,2,8,0.0
507,3,0,48,2,0,8,7,0.0
508,3,0,49,3,0,7,8,0.0
509,3,0,50,2,0,8,7,0.0
510,3,0,51,1,0,7,3,0.0
511,3,0,52,3,0,3,2,0.0
512,3,0,53,4,0,2,7,0.0
513,3,0,54,2,0,7,2,0.0
514,3,0,55,2,0,2,2,0.0
515,3,0,56,3,0,2,6,0.0
516,3,0,57,2,0,6,4,0.0
517,3,0,58,4,0,4,9,0.0
518,3,0,59,1,0,9,5,0.0
519,3,0,60,3,0,5,10,0.0
520,3,0,61,1,0,10,8,0.0
521,3,0,62,2,0,8,7,0.0
522,3,0,63,3,0,7,8,0.0
523,3,0,64,2,0,8,7,0.0
524,3,0,65,2,0,7,2,0.0
525,3,0,66,2,0,2,2,0.0
526,3,0,67,3,0,2,6,0.0
527,3,0,68,2,0,6,4,0.0
528,3,0,69,4,0,4,9,0.0
529,3,0,70,1,0,9,5,0.0
530,3,0,71,3,0,5,10,0.0
531,3,0,72,4,0,10,10,0.0
532,3,0,73,3,0,10,7,0.0
533,3,0,74,3,0,7,8,0.0
534,3,0,75,2,0,8,7,0.0
535,3,0,76,2,0,7,2,0.0
536,3,0,77,2,0,2,2,0.0
537,3,0,78,3,0,2,6,0.0
538,3,0,79,2,0,6,4,0.0
539,3,0,80,4,0,4,9,0.0
540,3,0,81,1,0,9,5,0.0
541,3,0,82,3,0,5,10,0.0
542,3,0,83,2,0,10,11,0.0
543,3,0,84,1,1,11,1,0.0
544,3,1,0,3,0,7,8,0.0
545,3,1,1,2,0,8,7,0.0
546,3,1,2,2,0,7,2,0.0
547,3,1,3,3,0,2,6,0.0
548,3,1,4,2,0,6,4,0.0
549,3,1,5,4,0,4,9,0.0
550,3,1,6,1,0,9,5,0.0
551,3,1,7,3,0,5,10,0.0
552,3,1,8,2,0,10,11,0.0
553,3,1,9,1,1,11,1,0.0
554,3,2,0,1,0,9,5,0.0
555,3,2,1,3,0,5,10,0.0
556,3,2,2,2,0,10,11,0.0
557,3,2,3,1,1,11,1,0.0
558,3,3,0,3,0,5,10,0.0
559,3,3,1,2,0,10,11,0.0
560,3,3,2,1,1,11,1,0.0
561,3,4,0,3,0,3,2,0.0
562,3,4,1,3,0,2,6,0.0
563,3,4,2,2,0,6,4,0.0
564,3,4,3,4,0,4,9,0.0
565,3,4,4,1,0,9,5,0.0
566,3,4,5,3,0,5,10,0.0
567,3,4,6,2,0,10,11,0.0
568,3,4,7,1,1,11,1,0.0
569,4,0,0,1,0,10,8,0.0
570,4,0,1,1,0,8,3,0.0
571,4,0,2,1,0,3,7,0.0
572,4,0,3,1,0,7,3,0.0
573,4,0,4,2,0,3,3,0.0
574,4,0,5,3,0,3,2,0.0
575,4,0,6,1,0,2,8,0.0
576,4,0,7,2,0,8,7,0.0
577,4,0,8,2,0,7,2,0.0
578,4,0,9,2,0,2,2,0.0
579,4,0,10,3,0,2,6,0.0
580,4,0,11,4,0,6,6,0.0
581,4,0,12,3,0,6,3,0.0
582,4,0,13,3,0,3,2,0.0
583,4,0,14,3,0,2,6,0.0
584,4,0,15,2,0,6,4,0.0
585,4,0,16,1,0,4,3,0.0
586,4,0,17,4,0,3,8,0.0
587,4,0,18,3,0,8,2,0.0
588,4,0,19,3,0,2,6,0.0
589,4,0,20,2,0,6,4,0.0
590,4,0,21,2,0,4,7,0.0
591,4,0,22,4,0,7,7,0.0
592,4,0,23,3,0,7,8,0.0
593,4,0,24,4,0,8,8,0.0
594,4,0,25,3,0,8,2,0.0
595,4,0,26,3,0,2,6,0.0
596,4,0,27,2,0,6,4,0.0
597,4,0,28,4,0,4,9,0.0
598,4,0,29,1,0,9,5,0.0
599,4,0,30,3,0,5,10,0.0
600,4,0,31,2,0,10,11,0.0
601,4,0,32,1,1,11,1,0.0
602,4,1,0,3,0,7,8,0.0
603,4,1,1,3,0,8,2,0.0
604,4,1,2,3,0,2,6,0.0
605,4,1,3,2,0,6,4,0.0
606,4,1,4,4,0,4,9,0.0
607,4,1,5,1,0,9,5,0.0
608,4,1,6,3,0,5,10,0.0
609,4,1,7,1,0,10,8,0.0
610,4,1,8,3,0,8,2,0.0
611,4,1,9,3,0,2,6,0.0
612,4,1,10,2,0,6,4,0.0
613,4,1,11,4,0,4,9,0.0
614,4,1,12,1,0,9,5,0.0
615,4,1,13,3,0,5,10,0.0
616,4,1,14,2,0,10,11,0.0
617,4,1,15,1,1,11,1,0.0
618,4,2,0,1,0,9,5,0.0
619,4,2,1,2,0,5,8,0.0
620,4,2,2,3,0,8,2,0.0
621,4,2,3,3,0,2,6,0.0
622,4,2,4,2,0,6,4,0.0
623,4,2,5,4,0,4,9,0.0
624,4,2,6,1,0,9,5,0.0
625,4,2,7,3,0,5,10,0.0
626,4,2,8,2,0,10,11,0.0
627,4,2,9,1,1,11,1,0.0
628,4,3,0,3,0,5,10,0.0
629,4,3,1,2,0,10,11,0.0
630,4,3,2,2,0,11,7,0.0
631,4,3,3,4,0,7,7,0.0
632,4,3,4,3,0,7,8,0.0
633,4,3,5,3,0,8,2,0.0
634,4,3,6,3,0,2,6,0.0
635,4,3,7,2,0,6,4,0.0
636,4,3,8,4,0,4,9,0.0
637,4,3,9,1,0,9,5,0.0
638,4,3,10,3,0,5,10,0.0
639,4,3,11,2,0,10,11,0.0
640,4,3,12,1,1,11,1,0.0
641,4,4,0,3,0,3,2,0.0
642,4,4,1,3,0,2,6,0.0
643,4,4,2,2,0,6,4,0.0
644,4,4,3,4,0,4,9,0.0
645,4,4,4,1,0,9,5,0.0
646,4,4,5,3,0,5,10,0.0
647,4,4,6,2,0,10,11,0.0
648,4,4,7,1,1,11,1,0.0
649,5,0,0,2,0,10,11,0.0
650,5,0,1,2,0,11,7,0.0
651,5,0,2,2,0,7,2,0.0
652,5,0,3,2,0,2,2,0.0
653,5,0,4,3,0,2,6,0.0
654,5,0,5,3,0,6,3,0.0
655,5,0,6,3,0,3,2,0.0
656,5,0,7,3,0,2,6,0.0
657,5,0,8,3,0,6,3,0.0
658,5,0,9,4,0,3,8,0.0
659,5,0,10,4,0,8,8,0.0
660,5,0,11,3,0,8,2,0.0
661,5,0,12,2,0,2,2,0.0
662,5,0,13,3,0,2,6,0.0
663,5,0,14,3,0,6,3,0.0
664,5,0,15,4,0,3,8,0.0
665,5,0,16,2,0,8,7,0.0
666,5,0,17,1,0,7,3,0.0
667,5,0,18,1,0,3,7,0.0
668,5,0,19,1,0,7,3,0.0
669,5,0,20,4,0,3,8,0.0
670,5,0,21,4,0,8,8,0.0
671,5,0,22,2,0,8,7,0.0
672,5,0,23,2,0,7,2,0.0
673,5,0,24,1,0,2,8,0.0
674,5,0,25,1,0,8,3,0.0
675,5,0,26,2,0,3,3,0.0
676,5,0,27,3,0,3,2,0.0
677,5,0,28,4,0,2,7,0.0
678,5,0,29,2,0,7,2,0.0
679,5,0,30,3,0,2,6,0.0
680,5,0,31,1,0,6,7,0.0
681,5,0,32,1,0,7,3,0.0
682,5,0,33,2,0,3,3,0.0
683,5,0,34,3,0,3,2,0.0
684,5,0,35,1,0,2,8,0.0
685,5,0,36,3,0,8,2,0.0
686,5,0,37,1,0,2,8,0.0
687,5,0,38,2,0,8,7,0.0
688,5,0,39,2,0,7,2,0.0
689,5,0,40,3,0,2,6,0.0
690,5,0,41,1,0,6,7,0.0
691,5,0,42,2,0,7,2,0.0
692,5,0,43,3,0,2,6,0.0
693,5,0,44,3,0,6,3,0.0
694,5,0,45,2,0,3,3,0.0
695,5,0,46,3,0,3,2,0.0
696,5,0,47,3,0,2,6,0.0
697,5,0,48,4,0,6,6,0.0
698,5,0,49,1,0,6,7,0.0
699,5,0,50,4,0,7,7,0.0
700,5,0,51,3,0,7,8,0.0
701,5,0,52,4,0,8,8,0.0
702,5,0,53,3,0,8,2,0.0
703,5,0,54,1,0,2,8,0.0
704,5,0,55,1,0,8,3,0.0
705,5,0,56,1,0,3,7,0.0
706,5,0,57,1,0,7,3,0.0
707,5,0,58,2,0,3,3,0.0
708,5,0,59,1,0,3,7,0.0
709,5,0,60,2,0,7,2,0.0
710,5,0,61,1,0,2,8,0.0
711,5,0,62,1,0,8,3,0.0
712,5,0,63,2,0,3,3,0.0
713,5,0,64,1,0,3,7,0.0
714,5,0,65,2,0,7,2,0.0
715,5,0,66,3,0,2,6,0.0
716,5,0,67,1,0,6,7,0.0
717,5,0,68,2,0,7,2,0.0
718,5,0,69,3,0,2,6,0.0
719,5,0,70,3,0,6,3,0.0
720,5,0,71,1,0,3,7,0.0
721,5,0,72,2,0,7,2,0.0
722,5,0,73,3,0,2,6,0.0
723,5,0,74,4,0,6,6,0.0
724,5,0,75,2,0,6,4,0.0
725,5,0,76,2,0,4,7,0.0
726,5,0,77,3,0,7,8,0.0
727,5,0,78,1,0,8,3,0.0
728,5,0,79,3,0,3,2,0.0
729,5,0,80,3,0,2,6,0.0
730,5,0,81,2,0,6,4,0.0
731,5,0,82,4,0,4,9,0.0
732,5,0,83,2,0,9,8,0.0
733,5,0,84,2,0,8,7,0.0
734,5,0,85,2,0,7,2,0.0
735,5,0,86,3,0,2,6,0.0
736,5,0,87,2,0,6,4,0.0
737,5,0,88,4,0,4,9,0.0
738,5,0,89,1,0,9,5,0.0
739,5,0,90,2,0,5,8,0.0
740,5,0,91,2,0,8,7,0.0
741,5,0,92,2,0,7,2,0.0
742,5,0,93,3,0,2,6,0.0
743,5,0,94,2,0,6,4,0.0
744,5,0,95,4,0,4,9,0.0
745,5,0,96,1,0,9,5,0.0
746,5,0,97,3,0,5,10,0.0
747,5,0,98,2,0,10,11,0.0
748,5,0,99,2,0,11,7,0.0
749,5,0,100,3,0,7,8,0.0
750,5,0,101,2,0,8,7,0.0
751,5,0,102,2,0,7,2,0.0
752,5,0,103,3,0,2,6,0.0
753,5,0,104,2,0,6,4,0.0
754,5,0,105,4,0,4,9,0.0
755,5,0,106,1,0,9,5,0.0
756,5,0,107,2,0,5,8,0.0
757,5,0,108,2,0,8,7,0.0
758,5,0,109,2,0,7,2,0.0
759,5,0,110,3,0,2,6,0.0
760,5,0,111,2,0,6,4,0.0
761,5,0,112,4,0,4,9,0.0
762,5,0,113,1,0,9,5,0.0
763,5,0,114,1,0,5,5,0.0
764,5,0,115,4,0,5,3,0.0
765,5,0,116,3,0,3,2,0.0
766,5,0,117,3,0,2,6,0.0
767,5,0,118,2,0,6,4,0.0
768,5,0,119,4,0,4,9,0.0
769,5,0,120,4,0,9,7,0.0
770,5,0,121,3,0,7,8,0.0
771,5,0,122,1,0,8,3,0.0
772,5,0,123,3,0,3,2,0.0
773,5,0,124,3,0,2,6,0.0
774,5,0,125,2,0,6,4,0.0
775,5,0,126,1,0,4,3,0.0
776,5,0,127,2,0,3,3,0.0
777,5,0,128,3,0,3,2,0.0
778,5,0,129,3,0,2,6,0.0
779,5,0,130,2,0,6,4,0.0
780,5,0,131,3,0,4,4,0.0
781,5,0,132,2,0,4,7,0.0
782,5,0,133,2,0,7,2,0.0
783,5,0,134,3,0,2,6,0.0
784,5,0,135,2,0,6,4,0.0
785,5,0,136,4,0,4,9,0.0
786,5,0,137,2,0,9,8,0.0
787,5,0,138,1,0,8,3,0.0
788,5,0,139,2,0,3,3,0.0
789,5,0,140,3,0,3,2,0.0
790,5,0,141,3,0,2,6,0.0
791,5,0,142,2,0,6,4,0.0
792,5,0,143,4,0,4,9,0.0
793,5,0,144,4,0,9,7,0.0
794,5,0,145,2,0,7,2,0.0
795,5,0,146,3,0,2,6,0.0
796,5,0,147,2,0,6,4,0.0
797,5,0,148,4,0,4,9,0.0
798,5,0,149,1,0,9,5,0.0
799,5,0,150,4,0,5,3,0.0
800,5,0,151,3,0,3,2,0.0
801,5,0,152,2,0,2,2,0.0
802,5,0,153,3,0,2,6,0.0
803,5,0,154,2,0,6,4,0.0
804,5,0,155,3,0,4,4,0.0
805,5,0,156,2,0,4,7,0.0
806,5,0,157,2,0,7,2,0.0
807,5,0,158,3,0,2,6,0.0
808,5,0,159,2,0,6,4,0.0
809,5,0,160,4,0,4,9,0.0
810,5,0,161,3,0,9,9,0.0
811,5,0,162,2,0,9,8,0.0
812,5,0,163,1,0,8,3,0.0
813,5,0,164,3,0,3,2,0.0
814,5,0,165,3,0,2,6,0.0
815,5,0,166,2,0,6,4,0.0
816,5,0,167,4,0,4,9,0.0
817,5,0,168,1,0,9,5,0.0
818,5,0,169,1,0,5,5,0.0
819,5,0,170,2,0,5,8,0.0
820,5,0,171,2,0,8,7,0.0
821,5,0,172,3,0,7,8,0.0
822,5,0,173,4,0,8,8,0.0
823,5,0,174,3,0,8,2,0.0
824,5,0,175,2,0,2,2,0.0
825,5,0,176,3,0,2,6,0.0
826,5,0,177,2,0,6,4,0.0
827,5,0,178,4,0,4,9,0.0
828,5,0,179,1,0,9,5,0.0
829,5,0,180,4,0,5,3,0.0
830,5,0,181,3,0,3,2,0.0
831,5,0,182,3,0,2,6,0.0
832,5,0,183,2,0,6,4,0.0
833,5,0,184,4,0,4,9,0.0
834,5,0,185,1,0,9,5,0.0
835,5,0,186,3,0,5,10,0.0
836,5,0,187,1,0,10,8,0.0
837,5,0,188,1,0,8,3,0.0
838,5,0,189,3,0,3,2,0.0
839,5,0,190,3,0,2,6,0.0
840,5,0,191,2,0,6,4,0.0
841,5,0,192,4,0,4,9,0.0
842,5,0,193,1,0,9,5,0.0
843,5,0,194,3,0,5,10,0.0
844,5,0,195,4,0,10,10,0.0
845,5,0,196,3,0,10,7,0.0
846,5,0,197,2,0,7,2,0.0
847,5,0,198,3,0,2,6,0.0
848,5,0,199,2,0,6,4,0.0
849,5,0,200,4,0,4,9,0.0
850,5,0,201,1,0,9,5,0.0
851,5,0,202,3,0,5,10,0.0
852,5,0,203,2,0,10,11,0.0
853,5,0,204,3,0,11,3,0.0
854,5,0,205,3,0,3,2,0.0
855,5,0,206,3,0,2,6,0.0
856,5,0,207,2,0,6,4,0.0
857,5,0,208,4,0,4,9,0.0
858,5,0,209,1,0,9,5,0.0
859,5,0,210,3,0,5,10,0.0
860,5,0,211,2,0,10,11,0.0
861,5,0,212,1,1,11,1,0.0
862,5,1,0,2,0,7,2,0.0
863,5,1,1,3,0,2,6,0.0
864,5,1,2,2,0,6,4,0.0
865,5,1,3,4,0,4,9,0.0
866,5,1,4,1,0,9,5,0.0
867,5,1,5,3,0,5,10,0.0
868,5,1,6,2,0,10,11,0.0
869,5,1,7,1,1,11,1,0.0
870,5,2,0,4,0,9,7,0.0
871,5,2,1,2,0,7,2,0.0
872,5,2,2,3,0,2,6,0.0
873,5,2,3,2,0,6,4,0.0
874,5,2,4,4,0,4,9,0.0
875,5,2,5,1,0,9,5,0.0
876,5,2,6,3,0,5,10,0.0
877,5,2,7,2,0,10,11,0.0
878,5,2,8,1,1,11,1,0.0
879,5,3,0,3,0,5,10,0.0
880,5,3,1,2,0,10,11,0.0
881,5,3,2,1,1,11,1,0.0
882,5,4,0,3,0,3,2,0.0
883,5,4,1,3,0,2,6,0.0
884,5,4,2,2,0,6,4,0.0
885,5,4,3,4,0,4,9,0.0
886,5,4,4,1,0,9,5,0.0
887,5,4,5,3,0,5,10,0.0
888,5,4,6,2,0,10,11,0.0
889,5,4,7,1,1,11,1,0.0
890,6,0,0,1,0,10,8,0.0
891,6,0,1,1,0,8,3,0.0
892,6,0,2,1,0,3,7,0.0
893,6,0,3,1,0,7,3,0.0
894,6,0,4,1,0,3,7,0.0
895,6,0,5,2,0,7,2,0.0
896,6,0,6,2,0,2,2,0.0
897,6,0,7,3,0,2,6,0.0
898,6,0,8,3,0,6,3,0.0
899,6,0,9,1,0,3,7,0.0
900,6,0,10,2,0,7,2,0.0
901,6,0,11,3,0,2,6,0.0
902,6,0,12,3,0,6,3,0.0
903,6,0,13,1,0,3,7,0.0
904,6,0,14,2,0,7,2,0.0
905,6,0,15,3,0,2,6,0.0
906,6,0,16,4,0,6,6,0.0
907,6,0,17,1,0,6,7,0.0
908,6,0,18,3,0,7,8,0.0
909,6,0,19,1,0,8,3,0.0
910,6,0,20,1,0,3,7,0.0
911,6,0,21,2,0,7,2,0.0
912,6,0,22,3,0,2,6,0.0
913,6,0,23,2,0,6,4,0.0
914,6,0,24,1,0,4,3,0.0
915,6,0,25,1,0,3,7,0.0
916,6,0,26,2,0,7,2,0.0
917,6,0,27,3,0,2,6,0.0
918,6,0,28,2,0,6,4,0.0
919,6,0,29,2,0,4,7,0.0
920,6,0,30,2,0,7,2,0.0
921,6,0,31,3,0,2,6,0.0
922,6,0,32,2,0,6,4,0.0
923,6,0,33,3,0,4,4,0.0
924,6,0,34,4,0,4,9,0.0
925,6,0,35,4,0,9,7,0.0
926,6,0,36,2,0,7,2,0.0
927,6,0,37,3,0,2,6,0.0
928,6,0,38,2,0,6,4,0.0
929,6,0,39,4,0,4,9,0.0
930,6,0,40,1,0,9,5,0.0
931,6,0,41,1,0,5,5,0.0
932,6,0,42,2,0,5,8,0.0
933,6,0,43,1,0,8,3,0.0
934,6,0,44,1,0,3,7,0.0
935,6,0,45,2,0,7,2,0.0
936,6,0,46,3,0,2,6,0.0
937,6,0,47,2,0,6,4,0.0
938,6,0,48,4,0,4,9,0.0
939,6,0,49,1,0,9,5,0.0
940,6,0,50,3,0,5,10,0.0
941,6,0,51,1,0,10,8,0.0
942,6,0,52,1,0,8,3,0.0
943,6,0,53,1,0,3,7,0.0
944,6,0,54,2,0,7,2,0.0
945,6,0,55,3,0,2,6,0.0
946,6,0,56,2,0,6,4,0.0
947,6,0,57,4,0,4,9,0.0
948,6,0,58,1,0,9,5,0.0
949,6,0,59,4,0,5,3,0.0
950,6,0,60,1,0,3,7,0.0
951,6,0,61,2,0,7,2,0.0
952,6,0,62,3,0,2,6,0.0
953,6,0,63,2,0,6,4,0.0
954,6,0,64,4,0,4,9,0.0
955,6,0,65,1,0,9,5,0.0
956,6,0,66,1,0,5,5,0.0
957,6,0,67,3,0,5,10,0.0
958,6,0,68,1,0,10,8,0.0
959,6,0,69,1,0,8,3,0.0
960,6,0,70,1,0,3,7,0.0
961,6,0,71,3,0,7,8,0.0
962,6,0,72,1,0,8,3,0.0
963,6,0,73,1,0,3,7,0.0
964,6,0,74,4,0,7,7,0.0
965,6,0,75,2,0,7,2,0.0
966,6,0,76,4,0,2,7,0.0
967,6,0,77,2,0,7,2,0.0
968,6,0,78,3,0,2,6,0.0
969,6,0,79,2,0,6,4,0.0
970,6,0,80,1,0,4,3,0.0
971,6,0,81,1,0,3,7,0.0
972,6,0,82,2,0,7,2,0.0
973,6,0,83,4,0,2,7,0.0
974,6,0,84,2,0,7,2,0.0
975,6,0,85,3,0,2,6,0.0
976,6,0,86,4,0,6,6,0.0
977,6,0,87,3,0,6,3,0.0
978,6,0,88,1,0,3,7,0.0
979,6,0,89,2,0,7,2,0.0
980,6,0,90,3,0,2,6,0.0
981,6,0,91,1,0,6,7,0.0
982,6,0,92,2,0,7,2,0.0
983,6,0,93,3,0,2,6,0.0
984,6,0,94,2,0,6,4,0.0
985,6,0,95,1,0,4,3,0.0
986,6,0,96,1,0,3,7,0.0
987,6,0,97,2,0,7,2,0.0
988,6,0,98,3,0,2,6,0.0
989,6,0,99,1,0,6,7,0.0
990,6,0,100,2,0,7,2,0.0
991,6,0,101,3,0,2,6,0.0
992,6,0,102,4,0,6,6,0.0
993,6,0,103,1,0,6,7,0.0
994,6,0,104,2,0,7,2,0.0
995,6,0,105,3,0,2,6,0.0
996,6,0,106,2,0,6,4,0.0
997,6,0,107,2,0,4,7,0.0
998,6,0,108,2,0,7,2,0.0
999,6,0,109,3,0,2,6,0.0
1000,6,0,110,2,0,6,4,0.0
1001,6,0,111,3,0,4,4,0.0
1002,6,0,112,4,0,4,9,0.0
1003,6,0,113,4,0,9,7,0.0
1004,6,0,114,2,0,7,2,0.0
1005,6,0,115,3,0,2,6,0.0
1006,6,0,116,2,0,6,4,0.0
1007,6,0,117,1,0,4,3,0.0
1008,6,0,118,1,0,3,7,0.0
1009,6,0,119,2,0,7,2,0.0
1010,6,0,120,3,0,2,6,0.0
1011,6,0,121,2,0,6,4,0.0
1012,6,0,122,4,0,4,9,0.0
1013,6,0,123,3,0,9,9,0.0
1014,6,0,124,2,0,9,8,0.0
1015,6,0,125,1,0,8,3,0.0
1016,6,0,126,1,0,3,7,0.0
1017,6,0,127,2,0,7,2,0.0
1018,6,0,128,4,0,2,7,0.0
1019,6,0,129,2,0,7,2,0.0
1020,6,0,130,3,0,2,6,0.0
1021,6,0,131,2,0,6,4,0.0
1022,6,0,132,1,0,4,3,0.0
1023,6,0,133,1,0,3,7,0.0
1024,6,0,134,2,0,7,2,0.0
1025,6,0,135,3,0,2,6,0.0
1026,6,0,136,2,0,6,4,0.0
1027,6,0,137,4,0,4,9,0.0
1028,6,0,138,1,0,9,5,0.0
1029,6,0,139,1,0,5,5,0.0
1030,6,0,140,2,0,5,8,0.0
1031,6,0,141,1,0,8,3,0.0
1032,6,0,142,1,0,3,7,0.0
1033,6,0,143,2,0,7,2,0.0
1034,6,0,144,3,0,2,6,0.0
1035,6,0,145,2,0,6,4,0.0
1036,6,0,146,4,0,4,9,0.0
1037,6,0,147,1,0,9,5,0.0
1038,6,0,148,3,0,5,10,0.0
1039,6,0,149,2,0,10,11,0.0
1040,6,0,150,3,0,11,3,0.0
1041,6,0,151,1,0,3,7,0.0
1042,6,0,152,2,0,7,2,0.0
1043,6,0,153,3,0,2,6,0.0
1044,6,0,154,2,0,6,4,0.0
1045,6,0,155,4,0,4,9,0.0
1046,6,0,156,1,0,9,5,0.0
1047,6,0,157,3,0,5,10,0.0
1048,6,0,158,2,0,10,11,0.0
1049,6,0,159,1,1,11,1,0.0
1050,6,1,0,2,0,7,2,0.0
1051,6,1,1,3,0,2,6,0.0
1052,6,1,2,2,0,6,4,0.0
1053,6,1,3,4,0,4,9,0.0
1054,6,1,4,1,0,9,5,0.0
1055,6,1,5,3,0,5,10,0.0
1056,6,1,6,2,0,10,11,0.0
1057,6,1,7,1,1,11,1,0.0
1058,6,2,0,1,0,9,5,0.0
1059,6,2,1,3,0,5,10,0.0
1060,6,2,2,2,0,10,11,0.0
1061,6,2,3,1,1,11,1,0.0
1062,6,3,0,3,0,5,10,0.0
1063,6,3,1,2,0,10,11,0.0
1064,6,3,2,1,1,11,1,0.0
1065,6,4,0,1,0,3,7,0.0
1066,6,4,1,2,0,7,2,0.0
1067,6,4,2,3,0,2,6,0.0
1068,6,4,3,2,0,6,4,0.0
1069,6,4,4,4,0,4,9,0.0
1070,6,4,5,1,0,9,5,0.0
1071,6,4,6,3,0,5,10,0.0
1072,6,4,7,2,0,10,11,0.0
1073,6,4,8,1,1,11,1,0.0
1074,7,0,0,1,0,10,8,0.0
1075,7,0,1,1,0,8,3,0.0
1076,7,0,2,1,0,3,7,0.0
1077,7,0,3,1,0,7,3,0.0
1078,7,0,4,2,0,3,3,0.0
1079,7,0,5,3,0,3,2,0.0
1080,7,0,6,1,0,2,8,0.0
1081,7,0,7,2,0,8,7,0.0
1082,7,0,8,2,0,7,2,0.0
1083,7,0,9,2,0,2,2,0.0
1084,7,0,10,3,0,2,6,0.0
1085,7,0,11,1,0,6,7,0.0
1086,7,0,12,3,0,7,8,0.0
1087,7,0,13,3,0,8,2,0.0
1088,7,0,14,4,0,2,7,0.0
1089,7,0,15,4,0,7,7,0.0
1090,7,0,16,1,0,7,3,0.0
1091,7,0,17,4,0,3,8,0.0
1092,7,0,18,1,0,8,3,0.0
1093,7,0,19,3,0,3,2,0.0
1094,7,0,20,1,0,2,8,0.0
1095,7,0,21,1,0,8,3,0.0
1096,7,0,22,1,0,3,7,0.0
1097,7,0,23,2,0,7,2,0.0
1098,7,0,24,2,0,2,2,0.0
1099,7,0,25,3,0,2,6,0.0
1100,7,0,26,2,0,6,4,0.0
1101,7,0,27,1,0,4,3,0.0
1102,7,0,28,1,0,3,7,0.0
1103,7,0,29,1,0,7,3,0.0
1104,7,0,30,1,0,3,7,0.0
1105,7,0,31,2,0,7,2,0.0
1106,7,0,32,3,0,2,6,0.0
1107,7,0,33,2,0,6,4,0.0
1108,7,0,34,2,0,4,7,0.0
1109,7,0,35,2,0,7,2,0.0
1110,7,0,36,3,0,2,6,0.0
1111,7,0,37,2,0,6,4,0.0
1112,7,0,38,3,0,4,4,0.0
1113,7,0,39,4,0,4,9,0.0
1114,7,0,40,1,0,9,5,0.0
1115,7,0,41,1,0,5,5,0.0
1116,7,0,42,2,0,5,8,0.0
1117,7,0,43,1,0,8,3,0.0
1118,7,0,44,1,0,3,7,0.0
1119,7,0,45,2,0,7,2,0.0
1120,7,0,46,3,0,2,6,0.0
1121,7,0,47,2,0,6,4,0.0
1122,7,0,48,4,0,4,9,0.0
1123,7,0,49,2,0,9,8,0.0
1124,7,0,50,4,0,8,8,0.0
1125,7,0,51,3,0,8,2,0.0
1126,7,0,52,3,0,2,6,0.0
1127,7,0,53,2,0,6,4,0.0
1128,7,0,54,4,0,4,9,0.0
1129,7,0,55,3,0,9,9,0.0
1130,7,0,56,4,0,9,7,0.0
1131,7,0,57,2,0,7,2,0.0
1132,7,0,58,3,0,2,6,0.0
1133,7,0,59,3,0,6,3,0.0
1134,7,0,60,3,0,3,2,0.0
1135,7,0,61,3,0,2,6,0.0
1136,7,0,62,4,0,6,6,0.0
1137,7,0,63,2,0,6,4,0.0
1138,7,0,64,4,0,4,9,0.0
1139,7,0,65,2,0,9,8,0.0
1140,7,0,66,3,0,8,2,0.0
1141,7,0,67,3,0,2,6,0.0
1142,7,0,68,2,0,6,4,0.0
1143,7,0,69,4,0,4,9,0.0
1144,7,0,70,2,0,9,8,0.0
1145,7,0,71,3,0,8,2,0.0
1146,7,0,72,3,0,2,6,0.0
1147,7,0,73,2,0,6,4,0.0
1148,7,0,74,4,0,4,9,0.0
1149,7,0,75,1,0,9,5,0.0
1150,7,0,76,2,0,5,8,0.0
1151,7,0,77,3,0,8,2,0.0
1152,7,0,78,3,0,2,6,0.0
1153,7,0,79,2,0,6,4,0.0
1154,7,0,80,4,0,4,9,0.0
1155,7,0,81,1,0,9,5,0.0
1156,7,0,82,3,0,5,10,0.0
1157,7,0,83,2,0,10,11,0.0
1158,7,0,84,1,1,11,1,0.0
1159,7,1,0,3,0,7,8,0.0
1160,7,1,1,3,0,8,2,0.0
1161,7,1,2,3,0,2,6,0.0
1162,7,1,3,2,0,6,4,0.0
1163,7,1,4,4,0,4,9,0.0
1164,7,1,5,1,0,9,5,0.0
1165,7,1,6,3,0,5,10,0.0
1166,7,1,7,2,0,10,11,0.0
1167,7,1,8,1,1,11,1,0.0
1168,7,2,0,1,0,9,5,0.0
1169,7,2,1,3,0,5,10,0.0
1170,7,2,2,1,0,10,8,0.0
1171,7,2,3,3,0,8,2,0.0
1172,7,2,4,3,0,2,6,0.0
1173,7,2,5,2,0,6,4,0.0
1174,7,2,6,4,0,4,9,0.0
1175,7,2,7,1,0,9,5,0.0
1176,7,2,8,3,0,5,10,0.0
1177,7,2,9,2,0,10,11,0.0
1178,7,2,10,1,1,11,1,0.0
1179,7,3,0,3,0,5,10,0.0
1180,7,3,1,2,0,10,11,0.0
1181,7,3,2,1,1,11,1,0.0
1182,7,4,0,3,0,3,2,0.0
1183,7,4,1,3,0,2,6,0.0
1184,7,4,2,2,0,6,4,0.0
1185,7,4,3,4,0,4,9,0.0
1186,7,4,4,1,0,9,5,0.0
1187,7,4,5,3,0,5,10,0.0
1188,7,4,6,2,0,10,11,0.0
1189,7,4,7,1,1,11,1,0.0
1190,8,0,0,4,0,10,10,0.0
1191,8,0,1,3,0,10,7,0.0
1192,8,0,2,4,0,7,7,0.0
1193,8,0,3,3,0,7,8,0.0
1194,8,0,4,4,0,8,8,0.0
1195,8,0,5,3,0,8,2,0.0
1196,8,0,6,4,0,2,7,0.0
1197,8,0,7,3,0,7,8,0.0
1198,8,0,8,3,0,8,2,0.0
1199,8,0,9,4,0,2,7,0.0
1200,8,0,10,3,0,7,8,0.0
1201,8,0,11,3,0,8,2,0.0
1202,8,0,12,3,0,2,6,0.0
1203,8,0,13,4,0,6,6,0.0
1204,8,0,14,3,0,6,3,0.0
1205,8,0,15,4,0,3,8,0.0
1206,8,0,16,2,0,8,7,0.0
1207,8,0,17,2,0,7,2,0.0
1208,8,0,18,2,0,2,2,0.0
1209,8,0,19,3,0,2,6,0.0
1210,8,0,20,3,0,6,3,0.0
1211,8,0,21,3,0,3,2,0.0
1212,8,0,22,1,0,2,8,0.0
1213,8,0,23,1,0,8,3,0.0
1214,8,0,24,1,0,3,7,0.0
1215,8,0,25,1,0,7,3,0.0
1216,8,0,26,3,0,3,2,0.0
1217,8,0,27,1,0,2,8,0.0
1218,8,0,28,2,0,8,7,0.0
1219,8,0,29,2,0,7,2,0.0
1220,8,0,30,3,0,2,6,0.0
1221,8,0,31,4,0,6,6,0.0
1222,8,0,32,3,0,6,3,0.0
1223,8,0,33,2,0,3,3,0.0
1224,8,0,34,4,0,3,8,0.0
1225,8,0,35,3,0,8,2,0.0
1226,8,0,36,3,0,2,6,0.0
1227,8,0,37,1,0,6,7,0.0
1228,8,0,38,2,0,7,2,0.0
1229,8,0,39,4,0,2,7,0.0
1230,8,0,40,2,0,7,2,0.0
1231,8,0,41,4,0,2,7,0.0
1232,8,0,42,3,0,7,8,0.0
1233,8,0,43,1,0,8,3,0.0
1234,8,0,44,4,0,3,8,0.0
1235,8,0,45,1,0,8,3,0.0
1236,8,0,46,4,0,3,8,0.0
1237,8,0,47,2,0,8,7,0.0
1238,8,0,48,3,0,7,8,0.0
1239,8,0,49,2,0,8,7,0.0
1240,8,0,50,1,0,7,3,0.0
1241,8,0,51,2,0,3,3,0.0
1242,8,0,52,4,0,3,8,0.0
1243,8,0,53,3,0,8,2,0.0
1244,8,0,54,4,0,2,7,0.0
1245,8,0,55,1,0,7,3,0.0
1246,8,0,56,1,0,3,7,0.0
1247,8,0,57,3,0,7,8,0.0
1248,8,0,58,2,0,8,7,0.0
1249,8,0,59,3,0,7,8,0.0
1250,8,0,60,3,0,8,2,0.0
1251,8,0,61,3,0,2,6,0.0
1252,8,0,62,4,0,6,6,0.0
1253,8,0,63,2,0,6,4,0.0
1254,8,0,64,4,0,4,9,0.0
1255,8,0,65,4,0,9,7,0.0
1256,8,0,66,2,0,7,2,0.0
1257,8,0,67,4,0,2,7,0.0
1258,8,0,68,2,0,7,2,0.0
1259,8,0,69,3,0,2,6,0.0
1260,8,0,70,4,0,6,6,0.0
1261,8,0,71,2,0,6,4,0.0
1262,8,0,72,4,0,4,9,0.0
1263,8,0,73,4,0,9,7,0.0
1264,8,0,74,3,0,7,8,0.0
1265,8,0,75,2,0,8,7,0.0
1266,8,0,76,1,0,7,3,0.0
1267,8,0,77,1,0,3,7,0.0
1268,8,0,78,3,0,7,8,0.0
1269,8,0,79,3,0,8,2,0.0
1270,8,0,80,3,0,2,6,0.0
1271,8,0,81,4,0,6,6,0.0
1272,8,0,82,3,0,6,3,0.0
1273,8,0,83,1,0,3,7,0.0
1274,8,0,84,3,0,7,8,0.0
1275,8,0,85,3,0,8,2,0.0
1276,8,0,86,2,0,2,2,0.0
1277,8,0,87,3,0,2,6,0.0
1278,8,0,88,4,0,6,6,0.0
1279,8,0,89,3,0,6,3,0.0
1280,8,0,90,1,0,3,7,0.0
1281,8,0,91,3,0,7,8,0.0
1282,8,0,92,3,0,8,2,0.0
1283,8,0,93,3,0,2,6,0.0
1284,8,0,94,2,0,6,4,0.0
1285,8,0,95,2,0,4,7,0.0
1286,8,0,96,3,0,7,8,0.0
1287,8,0,97,3,0,8,2,0.0
1288,8,0,98,3,0,2,6,0.0
1289,8,0,99,2,0,6,4,0.0
1290,8,0,100,3,0,4,4,0.0
1291,8,0,101,1,0,4,3,0.0
1292,8,0,102,1,0,3,7,0.0
1293,8,0,103,3,0,7,8,0.0
1294,8,0,104,3,0,8,2,0.0
1295,8,0,105,3,0,2,6,0.0
1296,8,0,106,2,0,6,4,0.0
1297,8,0,107,4,0,4,9,0.0
1298,8,0,108,3,0,9,9,0.0
1299,8,0,109,2,0,9,8,0.0
1300,8,0,110,3,0,8,2,0.0
1301,8,0,111,3,0,2,6,0.0
1302,8,0,112,2,0,6,4,0.0
1303,8,0,113,4,0,4,9,0.0
1304,8,0,114,1,0,9,5,0.0
1305,8,0,115,4,0,5,3,0.0
1306,8,0,116,3,0,3,2,0.0
1307,8,0,117,3,0,2,6,0.0
1308,8,0,118,2,0,6,4,0.0
1309,8,0,119,4,0,4,9,0.0
1310,8,0,120,1,0,9,5,0.0
1311,8,0,121,3,0,5,10,0.0
1312,8,0,122,4,0,10,10,0.0
1313,8,0,123,3,0,10,7,0.0
1314,8,0,124,3,0,7,8,0.0
1315,8,0,125,3,0,8,2,0.0
1316,8,0,126,3,0,2,6,0.0
1317,8,0,127,2,0,6,4,0.0
1318,8,0,128,1,0,4,3,0.0
1319,8,0,129,1,0,3,7,0.0
1320,8,0,130,3,0,7,8,0.0
1321,8,0,131,3,0,8,2,0.0
1322,8,0,132,3,0,2,6,0.0
1323,8,0,133,2,0,6,4,0.0
1324,8,0,134,4,0,4,9,0.0
1325,8,0,135,1,0,9,5,0.0
1326,8,0,136,3,0,5,10,0.0
1327,8,0,137,2,0,10,11,0.0
1328,8,0,138,4,0,11,11,0.0
1329,8,0,139,3,0,11,3,0.0
1330,8,0,140,2,0,3,3,0.0
1331,8,0,141,3,0,3,2,0.0
1332,8,0,142,3,0,2,6,0.0
1333,8,0,143,2,0,6,4,0.0
1334,8,0,144,4,0,4,9,0.0
1335,8,0,145,1,0,9,5,0.0
1336,8,0,146,3,0,5,10,0.0
1337,8,0,147,1,0,10,8,0.0
1338,8,0,148,2,0,8,7,0.0
1339,8,0,149,3,0,7,8,0.0
1340,8,0,150,1,0,8,3,0.0
1341,8,0,151,3,0,3,2,0.0
1342,8,0,152,2,0,2,2,0.0
1343,8,0,153,3,0,2,6,0.0
1344,8,0,154,2,0,6,4,0.0
1345,8,0,155,4,0,4,9,0.0
1346,8,0,156,1,0,9,5,0.0
1347,8,0,157,1,0,5,5,0.0
1348,8,0,158,2,0,5,8,0.0
1349,8,0,159,2,0,8,7,0.0
1350,8,0,160,1,0,7,3,0.0
1351,8,0,161,3,0,3,2,0.0
1352,8,0,162,2,0,2,2,0.0
1353,8,0,163,3,0,2,6,0.0
1354,8,0,164,2,0,6,4,0.0
1355,8,0,165,4,0,4,9,0.0
1356,8,0,166,1,0,9,5,0.0
1357,8,0,167,3,0,5,10,0.0
1358,8,0,168,2,0,10,11,0.0
1359,8,0,169,2,0,11,7,0.0
1360,8,0,170,1,0,7,3,0.0
1361,8,0,171,3,0,3,2,0.0
1362,8,0,172,3,0,2,6,0.0
1363,8,0,173,2,0,6,4,0.0
1364,8,0,174,4,0,4,9,0.0
1365,8,0,175,1,0,9,5,0.0
1366,8,0,176,3,0,5,10,0.0
1367,8,0,177,3,0,10,7,0.0
1368,8,0,178,1,0,7,3,0.0
1369,8,0,179,3,0,3,2,0.0
1370,8,0,180,3,0,2,6,0.0
1371,8,0,181,2,0,6,4,0.0
1372,8,0,182,4,0,4,9,0.0
1373,8,0,183,1,0,9,5,0.0
1374,8,0,184,3,0,5,10,0.0
1375,8,0,185,2,0,10,11,0.0
1376,8,0,186,2,0,11,7,0.0
1377,8,0,187,1,0,7,3,0.0
1378,8,0,188,3,0,3,2,0.0
1379,8,0,189,3,0,2,6,0.0
1380,8,0,190,2,0,6,4,0.0
1381,8,0,191,4,0,4,9,0.0
1382,8,0,192,1,0,9,5,0.0
1383,8,0,193,3,0,5,10,0.0
1384,8,0,194,2,0,10,11,0.0
1385,8,0,195,1,1,11,1,0.0
1386,8,1,0,1,0,7,3,0.0
1387,8,1,1,3,0,3,2,0.0
1388,8,1,2,3,0,2,6,0.0
1389,8,1,3,2,0,6,4,0.0
1390,8,1,4,4,0,4,9,0.0
1391,8,1,5,1,0,9,5,0.0
1392,8,1,6,3,0,5,10,0.0
1393,8,1,7,2,0,10,11,0.0
1394,8,1,8,1,1,11,1,0.0
1395,8,2,0,1,0,9,5,0.0
1396,8,2,1,3,0,5,10,0.0
1397,8,2,2,2,0,10,11,0.0
1398,8,2,3,1,1,11,1,0.0
1399,8,3,0,3,0,5,10,0.0
1400,8,3,1,2,0,10,11,0.0
1401,8,3,2,1,1,11,1,0.0
1402,8,4,0,3,0,3,2,0.0
1403,8,4,1,3,0,2,6,0.0
1404,8,4,2,2,0,6,4,0.0
1405,8,4,3,4,0,4,9,0.0
1406,8,4,4,1,0,9,5,0.0
1407,8,4,5,3,0,5,10,0.0
1408,8,4,6,2,0,10,11,0.0
1409,8,4,7,1,1,11,1,0.0
1410,9,0,0,1,0,10,8,0.0
1411,9,0,1,1,0,8,3,0.0
1412,9,0,2,1,0,3,7,0.0
1413,9,0,3,1,0,7,3,0.0
1414,9,0,4,1,0,3,7,0.0
1415,9,0,5,1,0,7,3,0.0
1416,9,0,6,1,0,3,7,0.0
1417,9,0,7,1,0,7,3,0.0
1418,9,0,8,1,0,3,7,0.0
1419,9,0,9,2,0,7,2,0.0
1420,9,0,10,1,0,2,8,0.0
1421,9,0,11,2,0,8,7,0.0
1422,9,0,12,2,0,7,2,0.0
1423,9,0,13,2,0,2,2,0.0
1424,9,0,14,3,0,2,6,0.0
1425,9,0,15,1,0,6,7,0.0
1426,9,0,16,2,0,7,2,0.0
1427,9,0,17,3,0,2,6,0.0
1428,9,0,18,3,0,6,3,0.0
1429,9,0,19,3,0,3,2,0.0
1430,9,0,20,3,0,2,6,0.0
1431,9,0,21,4,0,6,6,0.0
1432,9,0,22,3,0,6,3,0.0
1433,9,0,23,2,0,3,3,0.0
1434,9,0,24,3,0,3,2,0.0
1435,9,0,25,3,0,2,6,0.0
1436,9,0,26,3,0,6,3,0.0
1437,9,0,27,4,0,3,8,0.0
1438,9,0,28,4,0,8,8,0.0
1439,9,0,29,3,0,8,2,0.0
1440,9,0,30,2,0,2,2,0.0
1441,9,0,31,4,0,2,7,0.0
1442,9,0,32,4,0,7,7,0.0
1443,9,0,33,3,0,7,8,0.0
1444,9,0,34,3,0,8,2,0.0
1445,9,0,35,3,0,2,6,0.0
1446,9,0,36,1,0,6,7,0.0
1447,9,0,37,3,0,7,8,0.0
1448,9,0,38,3,0,8,2,0.0
1449,9,0,39,3,0,2,6,0.0
1450,9,0,40,2,0,6,4,0.0
1451,9,0,41,2,0,4,7,0.0
1452,9,0,42,2,0,7,2,0.0
1453,9,0,43,2,0,2,2,0.0
1454,9,0,44,3,0,2,6,0.0
1455,9,0,45,2,0,6,4,0.0
1456,9,0,46,4,0,4,9,0.0
1457,9,0,47,4,0,9,7,0.0
1458,9,0,48,4,0,7,7,0.0
1459,9,0,49,3,0,7,8,0.0
1460,9,0,50,3,0,8,2,0.0
1461,9,0,51,3,0,2,6,0.0
1462,9,0,52,2,0,6,4,0.0
1463,9,0,53,4,0,4,9,0.0
1464,9,0,54,2,0,9,8,0.0
1465,9,0,55,3,0,8,2,0.0
1466,9,0,56,3,0,2,6,0.0
1467,9,0,57,2,0,6,4,0.0
1468,9,0,58,4,0,4,9,0.0
1469,9,0,59,1,0,9,5,0.0
1470,9,0,60,1,0,5,5,0.0
1471,9,0,61,2,0,5,8,0.0
1472,9,0,62,1,0,8,3,0.0
1473,9,0,63,3,0,3,2,0.0
1474,9,0,64,3,0,2,6,0.0
1475,9,0,65,2,0,6,4,0.0
1476,9,0,66,4,0,4,9,0.0
1477,9,0,67,1,0,9,5,0.0
1478,9,0,68,3,0,5,10,0.0
1479,9,0,69,1,0,10,8,0.0
1480,9,0,70,3,0,8,2,0.0
1481,9,0,71,3,0,2,6,0.0
1482,9,0,72,2,0,6,4,0.0
1483,9,0,73,4,0,4,9,0.0
1484,9,0,74,1,0,9,5,0.0
1485,9,0,75,3,0,5,10,0.0
1486,9,0,76,4,0,10,10,0.0
1487,9,0,77,3,0,10,7,0.0
1488,9,0,78,2,0,7,2,0.0
1489,9,0,79,3,0,2,6,0.0
1490,9,0,80,2,0,6,4,0.0
1491,9,0,81,4,0,4,9,0.0
1492,9,0,82,1,0,9,5,0.0
1493,9,0,83,3,0,5,10,0.0
1494,9,0,84,1,0,10,8,0.0
1495,9,0,85,3,0,8,2,0.0
1496,9,0,86,3,0,2,6,0.0
1497,9,0,87,2,0,6,4,0.0
1498,9,0,88,4,0,4,9,0.0
1499,9,0,89,1,0,9,5,0.0
1500,9,0,90,3,0,5,10,0.0
1501,9,0,91,1,0,10,8,0.0
1502,9,0,92,3,0,8,2,0.0
1503,9,0,93,3,0,2,6,0.0
1504,9,0,94,2,0,6,4,0.0
1505,9,0,95,4,0,4,9,0.0
1506,9,0,96,1,0,9,5,0.0
1507,9,0,97,3,0,5,10,0.0
1508,9,0,98,4,0,10,10,0.0
1509,9,0,99,3,0,10,7,0.0
1510,9,0,100,3,0,7,8,0.0
1511,9,0,101,3,0,8,2,0.0
1512,9,0,102,3,0,2,6,0.0
1513,9,0,103,2,0,6,4,0.0
1514,9,0,104,4,0,4,9,0.0
1515,9,0,105,1,0,9,5,0.0
1516,9,0,106,3,0,5,10,0.0
1517,9,0,107,2,0,10,11,0.0
1518,9,0,108,1,1,11,1,0.0
1519,9,1,0,3,0,7,8,0.0
1520,9,1,1,3,0,8,2,0.0
1521,9,1,2,3,0,2,6,0.0
1522,9,1,3,2,0,6,4,0.0
1523,9,1,4,4,0,4,9,0.0
1524,9,1,5,1,0,9,5,0.0
1525,9,1,6,3,0,5,10,0.0
1526,9,1,7,2,0,10,11,0.0
1527,9,1,8,2,0,11,7,0.0
1528,9,1,9,3,0,7,8,0.0
1529,9,1,10,3,0,8,2,0.0
1530,9,1,11,3,0,2,6,0.0
1531,9,1,12,2,0,6,4,0.0
1532,9,1,13,4,0,4,9,0.0
1533,9,1,14,1,0,9,5,0.0
1534,9,1,15,3,0,5,10,0.0
1535,9,1,16,2,0,10,11,0.0
1536,9,1,17,1,1,11,1,0.0
1537,9,2,0,2,0,9,8,0.0
1538,9,2,1,3,0,8,2,0.0
1539,9,2,2,3,0,2,6,0.0
1540,9,2,3,2,0,6,4,0.0
1541,9,2,4,4,0,4,9,0.0
1542,9,2,5,1,0,9,5,0.0
1543,9,2,6,3,0,5,10,0.0
1544,9,2,7,2,0,10,11,0.0
1545,9,2,8,1,1,11,1,0.0
1546,9,3,0,3,0,5,10,0.0
1547,9,3,1,2,0,10,11,0.0
1548,9,3,2,1,1,11,1,0.0
1549,9,4,0,3,0,3,2,0.0
1550,9,4,1,3,0,2,6,0.0
1551,9,4,2,2,0,6,4,0.0
1552,9,4,3,4,0,4,9,0.0
1553,9,4,4,1,0,9,5,0.0
1554,9,4,5,3,0,5,10,0.0
1555,9,4,6,2,0,10,11,0.0
1556,9,4,7,1,1,11,1,0.0
1557,10,0,0,3,0,10,7,0.0
1558,10,0,1,4,0,7,7,0.0
1559,10,0,2,3,0,7,8,0.0
1560,10,0,3,3,0,8,2,0.0
1561,10,0,4,3,0,2,6,0.0
1562,10,0,5,2,0,6,4,0.0
1563,10,0,6,1,0,4,3,0.0
1564,10,0,7,2,0,3,3,0.0
1565,10,0,8,1,0,3,7,0.0
1566,10,0,9,2,0,7,2,0.0
1567,10,0,10,2,0,2,2,0.0
1568,10,0,11,1,0,2,8,0.0
1569,10,0,12,2,0,8,7,0.0
1570,10,0,13,2,0,7,2,0.0
1571,10,0,14,1,0,2,8,0.0
1572,10,0,15,1,0,8,3,0.0
1573,10,0,16,1,0,3,7,0.0
1574,10,0,17,1,0,7,3,0.0
1575,10,0,18,1,0,3,7,0.0
1576,10,0,19,2,0,7,2,0.0
1577,10,0,20,3,0,2,6,0.0
1578,10,0,21,3,0,6,3,0.0
1579,10,0,22,1,0,3,7,0.0
1580,10,0,23,3,0,7,8,0.0
1581,10,0,24,4,0,8,8,0.0
1582,10,0,25,3,0,8,2,0.0
1583,10,0,26,3,0,2,6,0.0
1584,10,0,27,3,0,6,3,0.0
1585,10,0,28,4,0,3,8,0.0
1586,10,0,29,2,0,8,7,0.0
1587,10,0,30,4,0,7,7,0.0
1588,10,0,31,3,0,7,8,0.0
1589,10,0,32,1,0,8,3,0.0
1590,10,0,33,4,0,3,8,0.0
1591,10,0,34,3,0,8,2,0.0
1592,10,0,35,4,0,2,7,0.0
1593,10,0,36,2,0,7,2,0.0
1594,10,0,37,1,0,2,8,0.0
1595,10,0,38,1,0,8,3,0.0
1596,10,0,39,4,0,3,8,0.0
1597,10,0,40,4,0,8,8,0.0
1598,10,0,41,2,0,8,7,0.0
1599,10,0,42,3,0,7,8,0.0
1600,10,0,43,1,0,8,3,0.0
1601,10,0,44,1,0,3,7,0.0
1602,10,0,45,2,0,7,2,0.0
1603,10,0,46,3,0,2,6,0.0
1604,10,0,47,3,0,6,3,0.0
1605,10,0,48,1,0,3,7,0.0
1606,10,0,49,3,0,7,8,0.0
1607,10,0,50,3,0,8,2,0.0
1608,10,0,51,3,0,2,6,0.0
1609,10,0,52,4,0,6,6,0.0
1610,10,0,53,2,0,6,4,0.0
1611,10,0,54,2,0,4,7,0.0
1612,10,0,55,3,0,7,8,0.0
1613,10,0,56,3,0,8,2,0.0
1614,10,0,57,3,0,2,6,0.0
1615,10,0,58,2,0,6,4,0.0
1616,10,0,59,1,0,4,3,0.0
1617,10,0,60,1,0,3,7,0.0
1618,10,0,61,1,0,7,3,0.0
1619,10,0,62,3,0,3,2,0.0
1620,10,0,63,3,0,2,6,0.0
1621,10,0,64,2,0,6,4,0.0
1622,10,0,65,4,0,4,9,0.0
1623,10,0,66,4,0,9,7,0.0
1624,10,0,67,1,0,7,3,0.0
1625,10,0,68,3,0,3,2,0.0
1626,10,0,69,3,0,2,6,0.0
1627,10,0,70,2,0,6,4,0.0
1628,10,0,71,4,0,4,9,0.0
1629,10,0,72,3,0,9,9,0.0
1630,10,0,73,2,0,9,8,0.0
1631,10,0,74,3,0,8,2,0.0
1632,10,0,75,3,0,2,6,0.0
1633,10,0,76,2,0,6,4,0.0
1634,10,0,77,4,0,4,9,0.0
1635,10,0,78,1,0,9,5,0.0
1636,10,0,79,1,0,5,5,0.0
1637,10,0,80,2,0,5,8,0.0
1638,10,0,81,3,0,8,2,0.0
1639,10,0,82,3,0,2,6,0.0
1640,10,0,83,2,0,6,4,0.0
1641,10,0,84,4,0,4,9,0.0
1642,10,0,85,2,0,9,8,0.0
1643,10,0,86,3,0,8,2,0.0
1644,10,0,87,3,0,2,6,0.0
1645,10,0,88,2,0,6,4,0.0
1646,10,0,89,4,0,4,9,0.0
1647,10,0,90,1,0,9,5,0.0
1648,10,0,91,3,0,5,10,0.0
1649,10,0,92,4,0,10,10,0.0
1650,10,0,93,3,0,10,7,0.0
1651,10,0,94,1,0,7,3,0.0
1652,10,0,95,3,0,3,2,0.0
1653,10,0,96,3,0,2,6,0.0
1654,10,0,97,2,0,6,4,0.0
1655,10,0,98,4,0,4,9,0.0
1656,10,0,99,1,0,9,5,0.0
1657,10,0,100,3,0,5,10,0.0
1658,10,0,101,2,0,10,11,0.0
1659,10,0,102,1,1,11,1,0.0
1660,10,1,0,1,0,7,3,0.0
1661,10,1,1,3,0,3,2,0.0
1662,10,1,2,3,0,2,6,0.0
1663,10,1,3,2,0,6,4,0.0
1664,10,1,4,4,0,4,9,0.0
1665,10,1,5,1,0,9,5,0.0
1666,10,1,6,3,0,5,10,0.0
1667,10,1,7,2,0,10,11,0.0
1668,10,1,8,1,1,11,1,0.0
1669,10,2,0,1,0,9,5,0.0
1670,10,2,1,3,0,5,10,0.0
1671,10,2,2,2,0,10,11,0.0
1672,10,2,3,1,1,11,1,0.0
1673,10,3,0,3,0,5,10,0.0
1674,10,3,1,2,0,10,11,0.0
1675,10,3,2,1,1,11,1,0.0
1676,10,4,0,3,0,3,2,0.0
1677,10,4,1,3,0,2,6,0.0
1678,10,4,2,2,0,6,4,0.0
1679,10,4,3,4,0,4,9,0.0
1680,10,4,4,1,0,9,5,0.0
1681,10,4,5,3,0,5,10,0.0
1682,10,4,6,2,0,10,11,0.0
1683,10,4,7,1,1,11,1,0.0
1684,11,0,0,1,0,10,8,0.0
1685,11,0,1,1,0,8,3,0.0
1686,11,0,2,1,0,3,7,0.0
1687,11,0,3,1,0,7,3,0.0
1688,11,0,4,1,0,3,7,0.0
1689,11,0,5,2,0,7,2,0.0
1690,11,0,6,1,0,2,8,0.0
1691,11,0,7,1,0,8,3,0.0
1692,11,0,8,2,0,3,3,0.0
1693,11,0,9,1,0,3,7,0.0
1694,11,0,10,2,0,7,2,0.0
1695,11,0,11,2,0,2,2,0.0
1696,11,0,12,3,0,2,6,0.0
1697,11,0,13,1,0,6,7,0.0
1698,11,0,14,2,0,7,2,0.0
1699,11,0,15,3,0,2,6,0.0
1700,11,0,16,2,0,6,4,0.0
1701,11,0,17,1,0,4,3,0.0
1702,11,0,18,1,0,3,7,0.0
1703,11,0,19,2,0,7,2,0.0
1704,11,0,20,3,0,2,6,0.0
1705,11,0,21,2,0,6,4,0.0
1706,11,0,22,2,0,4,7,0.0
1707,11,0,23,2,0,7,2,0.0
1708,11,0,24,3,0,2,6,0.0
1709,11,0,25,2,0,6,4,0.0
1710,11,0,26,3,0,4,4,0.0
1711,11,0,27,4,0,4,9,0.0
1712,11,0,28,1,0,9,5,0.0
1713,11,0,29,1,0,5,5,0.0
1714,11,0,30,2,0,5,8,0.0
1715,11,0,31,1,0,8,3,0.0
1716,11,0,32,2,0,3,3,0.0
1717,11,0,33,3,0,3,2,0.0
1718,11,0,34,3,0,2,6,0.0
1719,11,0,35,2,0,6,4,0.0
1720,11,0,36,3,0,4,4,0.0
1721,11,0,37,4,0,4,9,0.0
1722,11,0,38,2,0,9,8,0.0
1723,11,0,39,3,0,8,2,0.0
1724,11,0,40,3,0,2,6,0.0
1725,11,0,41,3,0,6,3,0.0
1726,11,0,42,3,0,3,2,0.0
1727,11,0,43,3,0,2,6,0.0
1728,11,0,44,4,0,6,6,0.0
1729,11,0,45,2,0,6,4,0.0
1730,11,0,46,4,0,4,9,0.0
1731,11,0,47,3,0,9,9,0.0
1732,11,0,48,4,0,9,7,0.0
1733,11,0,49,3,0,7,8,0.0
1734,11,0,50,3,0,8,2,0.0
1735,11,0,51,3,0,2,6,0.0
1736,11,0,52,3,0,6,3,0.0
1737,11,0,53,4,0,3,8,0.0
1738,11,0,54,3,0,8,2,0.0
1739,11,0,55,3,0,2,6,0.0
1740,11,0,56,2,0,6,4,0.0
1741,11,0,57,4,0,4,9,0.0
1742,11,0,58,1,0,9,5,0.0
1743,11,0,59,3,0,5,10,0.0
1744,11,0,60,2,0,10,11,0.0
1745,11,0,61,1,1,11,1,0.0
1746,11,1,0,4,0,7,7,0.0
1747,11,1,1,2,0,7,2,0.0
1748,11,1,2,3,0,2,6,0.0
1749,11,1,3,2,0,6,4,0.0
1750,11,1,4,4,0,4,9,0.0
1751,11,1,5,1,0,9,5,0.0
1752,11,1,6,3,0,5,10,0.0
1753,11,1,7,2,0,10,11,0.0
1754,11,1,8,1,1,11,1,0.0
1755,11,2,0,1,0,9,5,0.0
1756,11,2,1,4,0,5,3,0.0
1757,11,2,2,3,0,3,2,0.0
1758,11,2,3,3,0,2,6,0.0
1759,11,2,4,2,0,6,4,0.0
1760,11,2,5,4,0,4,9,0.0
1761,11,2,6,1,0,9,5,0.0
1762,11,2,7,4,0,5,3,0.0
1763,11,2,8,4,0,3,8,0.0
1764,11,2,9,4,0,8,8,0.0
1765,11,2,10,3,0,8,2,0.0
1766,11,2,11,3,0,2,6,0.0
1767,11,2,12,2,0,6,4,0.0
1768,11,2,13,4,0,4,9,0.0
1769,11,2,14,1,0,9,5,0.0
1770,11,2,15,3,0,5,10,0.0
1771,11,2,16,3,0,10,7,0.0
1772,11,2,17,2,0,7,2,0.0
1773,11,2,18,3,0,2,6,0.0
1774,11,2,19,2,0,6,4,0.0
1775,11,2,20,4,0,4,9,0.0
1776,11,2,21,1,0,9,5,0.0
1777,11,2,22,3,0,5,10,0.0
1778,11,2,23,3,0,10,7,0.0
1779,11,2,24,2,0,7,2,0.0
1780,11,2,25,3,0,2,6,0.0
1781,11,2,26,2,0,6,4,0.0
1782,11,2,27,4,0,4,9,0.0
1783,11,2,28,1,0,9,5,0.0
1784,11,2,29,3,0,5,10,0.0
1785,11,2,30,4,0,10,10,0.0
1786,11,2,31,2,0,10,11,0.0
1787,11,2,32,1,1,11,1,0.0
1788,11,3,0,3,0,5,10,0.0
1789,11,3,1,2,0,10,11,0.0
1790,11,3,2,1,1,11,1,0.0
1791,11,4,0,3,0,3,2,0.0
1792,11,4,1,3,0,2,6,0.0
1793,11,4,2,2,0,6,4,0.0
1794,11,4,3,4,0,4,9,0.0
1795,11,4,4,1,0,9,5,0.0
1796,11,4,5,3,0,5,10,0.0
1797,11,4,6,2,0,10,11,0.0
1798,11,4,7,1,1,11,1,0.0
1799,0,5,0,4,0,10,10,0.0
1800,0,5,1,3,0,10,7,0.0
1801,0,5,2,2,0,7,2,0.0
1802,0,5,3,3,0,2,6,0.0
1803,0,5,4,2,0,6,11,0.0
1804,0,5,5,1,0,11,3,0.0
1805,0,5,6,4,0,3,8,0.0
1806,0,5,7,3,0,8,2,0.0
1807,0,5,8,2,0,2,2,0.0
1808,0,5,9,3,0,2,6,0.0
1809,0,5,10,2,0,6,11,0.0
1810,0,5,11,1,0,11,3,0.0
1811,0,5,12,4,0,3,8,0.0
1812,0,5,13,4,0,8,8,0.0
1813,0,5,14,3,0,8,2,0.0
1814,0,5,15,2,0,2,2,0.0
1815,0,5,16,3,0,2,6,0.0
1816,0,5,17,2,0,6,11,0.0
1817,0,5,18,1,0,11,3,0.0
1818,0,5,19,4,0,3,8,0.0
1819,0,5,20,2,0,8,7,0.0
1820,0,5,21,1,0,7,3,0.0
1821,0,5,22,4,0,3,8,0.0
1822,0,5,23,2,0,8,7,0.0
1823,0,5,24,3,0,7,8,0.0
1824,0,5,25,2,0,8,7,0.0
1825,0,5,26,2,0,7,2,0.0
1826,0,5,27,3,0,2,6,0.0
1827,0,5,28,2,0,6,11,0.0
1828,0,5,29,1,0,11,3,0.0
1829,0,5,30,4,0,3,8,0.0
1830,0,5,31,2,0,8,7,0.0
1831,0,5,32,4,0,7,7,0.0
1832,0,5,33,1,0,7,3,0.0
1833,0,5,34,3,0,3,2,0.0
1834,0,5,35,4,0,2,7,0.0
1835,0,5,36,4,0,7,7,0.0
1836,0,5,37,3,0,7,8,0.0
1837,0,5,38,1,0,8,3,0.0
1838,0,5,39,1,0,3,7,0.0
1839,0,5,40,2,0,7,2,0.0
1840,0,5,41,3,0,2,6,0.0
1841,0,5,42,4,0,6,6,0.0
1842,0,5,43,3,0,6,3,0.0
1843,0,5,44,2,0,3,3,0.0
1844,0,5,45,3,0,3,2,0.0
1845,0,5,46,3,0,2,6,0.0
1846,0,5,47,1,0,6,7,0.0
1847,0,5,48,1,0,7,3,0.0
1848,0,5,49,4,0,3,8,0.0
1849,0,5,50,4,0,8,8,0.0
1850,0,5,51,2,0,8,7,0.0
1851,0,5,52,1,0,7,3,0.0
1852,0,5,53,4,0,3,8,0.0
1853,0,5,54,3,0,8,2,0.0
1854,0,5,55,4,0,2,7,0.0
1855,0,5,56,2,0,7,2,0.0
1856,0,5,57,1,0,2,8,0.0
1857,0,5,58,1,0,8,3,0.0
1858,0,5,59,2,0,3,3,0.0
1859,0,5,60,1,0,3,7,0.0
1860,0,5,61,3,0,7,8,0.0
1861,0,5,62,4,0,8,8,0.0
1862,0,5,63,2,0,8,7,0.0
1863,0,5,64,2,0,7,2,0.0
1864,0,5,65,2,0,2,2,0.0
1865,0,5,66,3,0,2,6,0.0
1866,0,5,67,4,0,6,6,0.0
1867,0,5,68,3,0,6,3,0.0
1868,0,5,69,2,0,3,3,0.0
1869,0,5,70,3,0,3,2,0.0
1870,0,5,71,3,0,2,6,0.0
1871,0,5,72,2,0,6,11,0.0
1872,0,5,73,4,0,11,9,0.0
1873,0,5,74,4,0,9,7,0.0
1874,0,5,75,3,0,7,8,0.0
1875,0,5,76,2,0,8,7,0.0
1876,0,5,77,3,0,7,8,0.0
1877,0,5,78,1,0,8,3,0.0
1878,0,5,79,4,0,3,8,0.0
1879,0,5,80,2,0,8,7,0.0
1880,0,5,81,2,0,7,2,0.0
1881,0,5,82,3,0,2,6,0.0
1882,0,5,83,2,0,6,11,0.0
1883,0,5,84,4,0,11,9,0.0
1884,0,5,85,4,0,9,7,0.0
1885,0,5,86,3,0,7,8,0.0
1886,0,5,87,2,0,8,7,0.0
1887,0,5,88,2,0,7,2,0.0
1888,0,5,89,2,0,2,2,0.0
1889,0,5,90,3,0,2,6,0.0
1890,0,5,91,2,0,6,11,0.0
1891,0,5,92,4,0,11,9,0.0
1892,0,5,93,3,0,9,9,0.0
1893,0,5,94,2,0,9,8,0.0
1894,0,5,95,3,0,8,2,0.0
1895,0,5,96,2,0,2,2,0.0
1896,0,5,97,3,0,2,6,0.0
1897,0,5,98,2,0,6,11,0.0
1898,0,5,99,4,0,11,9,0.0
1899,0,5,100,1,0,9,5,0.0
1900,0,5,101,2,0,5,8,0.0
1901,0,5,102,3,0,8,2,0.0
1902,0,5,103,2,0,2,2,0.0
1903,0,5,104,3,0,2,6,0.0
1904,0,5,105,2,0,6,11,0.0
1905,0,5,106,4,0,11,9,0.0
1906,0,5,107,1,0,9,5,0.0
1907,0,5,108,1,0,5,5,0.0
1908,0,5,109,2,0,5,8,0.0
1909,0,5,110,4,0,8,8,0.0
1910,0,5,111,3,0,8,2,0.0
1911,0,5,112,3,0,2,6,0.0
1912,0,5,113,2,0,6,11,0.0
1913,0,5,114,4,0,11,9,0.0
1914,0,5,115,1,0,9,5,0.0
1915,0,5,116,2,0,5,8,0.0
1916,0,5,117,1,0,8,3,0.0
1917,0,5,118,4,0,3,8,0.0
1918,0,5,119,1,0,8,3,0.0
1919,0,5,120,3,0,3,2,0.0
1920,0,5,121,2,0,2,2,0.0
1921,0,5,122,3,0,2,6,0.0
1922,0,5,123,2,0,6,11,0.0
1923,0,5,124,4,0,11,9,0.0
1924,0,5,125,1,0,9,5,0.0
1925,0,5,126,4,0,5,3,0.0
1926,0,5,127,4,0,3,8,0.0
1927,0,5,128,1,0,8,3,0.0
1928,0,5,129,1,0,3,7,0.0
1929,0,5,130,1,0,7,3,0.0
1930,0,5,131,1,0,3,7,0.0
1931,0,5,132,2,0,7,2,0.0
1932,0,5,133,3,0,2,6,0.0
1933,0,5,134,2,0,6,11,0.0
1934,0,5,135,4,0,11,9,0.0
1935,0,5,136,1,0,9,5,0.0
1936,0,5,137,3,0,5,10,0.0
1937,0,5,138,3,0,10,7,0.0
1938,0,5,139,3,0,7,8,0.0
1939,0,5,140,4,0,8,8,0.0
1940,0,5,141,2,0,8,7,0.0
1941,0,5,142,1,0,7,3,0.0
1942,0,5,143,2,0,3,3,0.0
1943,0,5,144,1,0,3,7,0.0
1944,0,5,145,2,0,7,2,0.0
1945,0,5,146,3,0,2,6,0.0
1946,0,5,147,2,0,6,11,0.0
1947,0,5,148,4,0,11,9,0.0
1948,0,5,149,1,0,9,5,0.0
1949,0,5,150,3,0,5,10,0.0
1950,0,5,151,4,0,10,10,0.0
1951,0,5,152,2,0,10,4,0.0
1952,0,5,153,1,1,4,1,0.0
1953,0,6,0,1,0,7,3,0.0
1954,0,6,1,3,0,3,2,0.0
1955,0,6,2,2,0,2,2,0.0
1956,0,6,3,3,0,2,6,0.0
1957,0,6,4,2,0,6,11,0.0
1958,0,6,5,4,0,11,9,0.0
1959,0,6,6,1,0,9,5,0.0
1960,0,6,7,3,0,5,10,0.0
1961,0,6,8,2,0,10,4,0.0
1962,0,6,9,1,1,4,1,0.0
1963,0,7,0,1,0,9,5,0.0
1964,0,7,1,3,0,5,10,0.0
1965,0,7,2,2,0,10,4,0.0
1966,0,7,3,1,1,4,1,0.0
1967,0,8,0,3,0,5,10,0.0
1968,0,8,1,2,0,10,4,0.0
1969,0,8,2,1,1,4,1,0.0
1970,0,9,0,2,0,3,3,0.0
1971,0,9,1,3,0,3,2,0.0
1972,0,9,2,2,0,2,2,0.0
1973,0,9,3,3,0,2,6,0.0
1974,0,9,4,2,0,6,11,0.0
1975,0,9,5,4,0,11,9,0.0
1976,0,9,6,1,0,9,5,0.0
1977,0,9,7,3,0,5,10,0.0
1978,0,9,8,2,0,10,4,0.0
1979,0,9,9,1,1,4,1,0.0
1980,1,5,0,1,0,10,8,0.0
1981,1,5,1,1,0,8,3,0.0
1982,1,5,2,3,0,3,2,0.0
1983,1,5,3,2,0,2,2,0.0
1984,1,5,4,3,0,2,6,0.0
1985,1,5,5,2,0,6,11,0.0
1986,1,5,6,1,0,11,3,0.0
1987,1,5,7,4,0,3,8,0.0
1988,1,5,8,3,0,8,2,0.0
1989,1,5,9,3,0,2,6,0.0
1990,1,5,10,2,0,6,11,0.0
1991,1,5,11,2,0,11,7,0.0
1992,1,5,12,3,0,7,8,0.0
1993,1,5,13,3,0,8,2,0.0
1994,1,5,14,3,0,2,6,0.0
1995,1,5,15,2,0,6,11,0.0
1996,1,5,16,3,0,11,11,0.0
1997,1,5,17,4,0,11,9,0.0
1998,1,5,18,1,0,9,5,0.0
1999,1,5,19,1,0,5,5,0.0
2000,1,5,20,2,0,5,8,0.0
2001,1,5,21,3,0,8,2,0.0
2002,1,5,22,3,0,2,6,0.0
2003,1,5,23,2,0,6,11,0.0
2004,1,5,24,4,0,11,9,0.0
2005,1,5,25,1,0,9,5,0.0
2006,1,5,26,3,0,5,10,0.0
2007,1,5,27,4,0,10,10,0.0
2008,1,5,28,3,0,10,7,0.0
2009,1,5,29,2,0,7,2,0.0
2010,1,5,30,3,0,2,6,0.0
2011,1,5,31,2,0,6,11,0.0
2012,1,5,32,4,0,11,9,0.0
2013,1,5,33,1,0,9,5,0.0
2014,1,5,34,4,0,5,3,0.0
2015,1,5,35,3,0,3,2,0.0
2016,1,5,36,3,0,2,6,0.0
2017,1,5,37,2,0,6,11,0.0
2018,1,5,38,4,0,11,9,0.0
2019,1,5,39,2,0,9,8,0.0
2020,1,5,40,3,0,8,2,0.0
2021,1,5,41,3,0,2,6,0.0
2022,1,5,42,2,0,6,11,0.0
2023,1,5,43,4,0,11,9,0.0
2024,1,5,44,3,0,9,9,0.0
2025,1,5,45,4,0,9,7,0.0
2026,1,5,46,1,0,7,3,0.0
2027,1,5,47,3,0,3,2,0.0
2028,1,5,48,4,0,2,7,0.0
2029,1,5,49,2,0,7,2,0.0
2030,1,5,50,1,0,2,8,0.0
2031,1,5,51,3,0,8,2,0.0
2032,1,5,52,3,0,2,6,0.0
2033,1,5,53,4,0,6,6,0.0
2034,1,5,54,3,0,6,3,0.0
2035,1,5,55,3,0,3,2,0.0
2036,1,5,56,3,0,2,6,0.0
2037,1,5,57,1,0,6,7,0.0
2038,1,5,58,2,0,7,2,0.0
2039,1,5,59,3,0,2,6,0.0
2040,1,5,60,2,0,6,11,0.0
2041,1,5,61,4,0,11,9,0.0
2042,1,5,62,1,0,9,5,0.0
2043,1,5,63,4,0,5,3,0.0
2044,1,5,64,3,0,3,2,0.0
2045,1,5,65,3,0,2,6,0.0
2046,1,5,66,2,0,6,11,0.0
2047,1,5,67,4,0,11,9,0.0
2048,1,5,68,1,0,9,5,0.0
2049,1,5,69,1,0,5,5,0.0
2050,1,5,70,2,0,5,8,0.0
2051,1,5,71,2,0,8,7,0.0
2052,1,5,72,1,0,7,3,0.0
2053,1,5,73,4,0,3,8,0.0
2054,1,5,74,3,0,8,2,0.0
2055,1,5,75,1,0,2,8,0.0
2056,1,5,76,3,0,8,2,0.0
2057,1,5,77,3,0,2,6,0.0
2058,1,5,78,2,0,6,11,0.0
2059,1,5,79,1,0,11,3,0.0
2060,1,5,80,3,0,3,2,0.0
2061,1,5,81,3,0,2,6,0.0
2062,1,5,82,2,0,6,11,0.0
2063,1,5,83,2,0,11,7,0.0
2064,1,5,84,1,0,7,3,0.0
2065,1,5,85,3,0,3,2,0.0
2066,1,5,86,3,0,2,6,0.0
2067,1,5,87,2,0,6,11,0.0
2068,1,5,88,3,0,11,11,0.0
2069,1,5,89,2,0,11,7,0.0
2070,1,5,90,3,0,7,8,0.0
2071,1,5,91,1,0,8,3,0.0
2072,1,5,92,1,0,3,7,0.0
2073,1,5,93,4,0,7,7,0.0
2074,1,5,94,2,0,7,2,0.0
2075,1,5,95,1,0,2,8,0.0
2076,1,5,96,3,0,8,2,0.0
2077,1,5,97,2,0,2,2,0.0
2078,1,5,98,4,0,2,7,0.0
2079,1,5,99,2,0,7,2,0.0
2080,1,5,100,3,0,2,6,0.0
2081,1,5,101,2,0,6,11,0.0
2082,1,5,102,4,0,11,9,0.0
2083,1,5,103,1,0,9,5,0.0
2084,1,5,104,3,0,5,10,0.0
2085,1,5,105,4,0,10,10,0.0
2086,1,5,106,1,0,10,8,0.0
2087,1,5,107,3,0,8,2,0.0
2088,1,5,108,3,0,2,6,0.0
2089,1,5,109,2,0,6,11,0.0
2090,1,5,110,4,0,11,9,0.0
2091,1,5,111,1,0,9,5,0.0
2092,1,5,112,3,0,5,10,0.0
2093,1,5,113,2,0,10,4,0.0
2094,1,5,114,1,1,4,1,0.0
2095,1,6,0,2,0,7,2,0.0
2096,1,6,1,2,0,2,2,0.0
2097,1,6,2,3,0,2,6,0.0
2098,1,6,3,2,0,6,11,0.0
2099,1,6,4,4,0,11,9,0.0
2100,1,6,5,1,0,9,5,0.0
2101,1,6,6,3,0,5,10,0.0
2102,1,6,7,2,0,10,4,0.0
2103,1,6,8,1,1,4,1,0.0
2104,1,7,0,1,0,9,5,0.0
2105,1,7,1,3,0,5,10,0.0
2106,1,7,2,2,0,10,4,0.0
2107,1,7,3,1,1,4,1,0.0
2108,1,8,0,3,0,5,10,0.0
2109,1,8,1,2,0,10,4,0.0
2110,1,8,2,1,1,4,1,0.0
2111,1,9,0,3,0,3,2,0.0
2112,1,9,1,3,0,2,6,0.0
2113,1,9,2,2,0,6,11,0.0
2114,1,9,3,4,0,11,9,0.0
2115,1,9,4,1,0,9,5,0.0
2116,1,9,5,3,0,5,10,0.0
2117,1,9,6,2,0,10,4,0.0
2118,1,9,7,1,1,4,1,0.0
2119,2,5,0,2,0,10,4,0.0
2120,2,5,1,4,0,4,4,0.0
2121,2,5,2,3,0,4,3,0.0
2122,2,5,3,3,0,3,2,0.0
2123,2,5,4,3,0,2,6,0.0
2124,2,5,5,2,0,6,11,0.0
2125,2,5,6,1,0,11,3,0.0
2126,2,5,7,3,0,3,2,0.0
2127,2,5,8,3,0,2,6,0.0
2128,2,5,9,1,0,6,7,0.0
2129,2,5,10,1,0,7,3,0.0
2130,2,5,11,3,0,3,2,0.0
2131,2,5,12,3,0,2,6,0.0
2132,2,5,13,2,0,6,11,0.0
2133,2,5,14,1,0,11,3,0.0
2134,2,5,15,3,0,3,2,0.0
2135,2,5,16,3,0,2,6,0.0
2136,2,5,17,1,0,6,7,0.0
2137,2,5,18,1,0,7,3,0.0
2138,2,5,19,3,0,3,2,0.0
2139,2,5,20,3,0,2,6,0.0
2140,2,5,21,2,0,6,11,0.0
2141,2,5,22,3,0,11,11,0.0
2142,2,5,23,4,0,11,9,0.0
2143,2,5,24,1,0,9,5,0.0
2144,2,5,25,3,0,5,10,0.0
2145,2,5,26,1,0,10,8,0.0
2146,2,5,27,1,0,8,3,0.0
2147,2,5,28,3,0,3,2,0.0
2148,2,5,29,3,0,2,6,0.0
2149,2,5,30,2,0,6,11,0.0
2150,2,5,31,4,0,11,9,0.0
2151,2,5,32,1,0,9,5,0.0
2152,2,5,33,3,0,5,10,0.0
2153,2,5,34,3,0,10,7,0.0
2154,2,5,35,4,0,7,7,0.0
2155,2,5,36,3,0,7,8,0.0
2156,2,5,37,2,0,8,7,0.0
2157,2,5,38,2,0,7,2,0.0
2158,2,5,39,3,0,2,6,0.0
2159,2,5,40,2,0,6,11,0.0
2160,2,5,41,4,0,11,9,0.0
2161,2,5,42,1,0,9,5,0.0
2162,2,5,43,3,0,5,10,0.0
2163,2,5,44,4,0,10,10,0.0
2164,2,5,45,1,0,10,8,0.0
2165,2,5,46,1,0,8,3,0.0
2166,2,5,47,1,0,3,7,0.0
2167,2,5,48,1,0,7,3,0.0
2168,2,5,49,2,0,3,3,0.0
2169,2,5,50,3,0,3,2,0.0
2170,2,5,51,3,0,2,6,0.0
2171,2,5,52,2,0,6,11,0.0
2172,2,5,53,4,0,11,9,0.0
2173,2,5,54,1,0,9,5,0.0
2174,2,5,55,4,0,5,3,0.0
2175,2,5,56,3,0,3,2,0.0
2176,2,5,57,3,0,2,6,0.0
2177,2,5,58,2,0,6,11,0.0
2178,2,5,59,4,0,11,9,0.0
2179,2,5,60,2,0,9,8,0.0
2180,2,5,61,1,0,8,3,0.0
2181,2,5,62,3,0,3,2,0.0
2182,2,5,63,3,0,2,6,0.0
2183,2,5,64,2,0,6,11,0.0
2184,2,5,65,4,0,11,9,0.0
2185,2,5,66,4,0,9,7,0.0
2186,2,5,67,3,0,7,8,0.0
2187,2,5,68,3,0,8,2,0.0
2188,2,5,69,3,0,2,6,0.0
2189,2,5,70,2,0,6,11,0.0
2190,2,5,71,4,0,11,9,0.0
2191,2,5,72,1,0,9,5,0.0
2192,2,5,73,3,0,5,10,0.0
2193,2,5,74,2,0,10,4,0.0
2194,2,5,75,1,1,4,1,0.0
2195,2,6,0,3,0,7,8,0.0
2196,2,6,1,3,0,8,2,0.0
2197,2,6,2,3,0,2,6,0.0
2198,2,6,3,2,0,6,11,0.0
2199,2,6,4,4,0,11,9,0.0
2200,2,6,5,1,0,9,5,0.0
2201,2,6,6,3,0,5,10,0.0
2202,2,6,7,2,0,10,4,0.0
2203,2,6,8,1,1,4,1,0.0
2204,2,7,0,1,0,9,5,0.0
2205,2,7,1,3,0,5,10,0.0
2206,2,7,2,2,0,10,4,0.0
2207,2,7,3,1,1,4,1,0.0
2208,2,8,0,3,0,5,10,0.0
2209,2,8,1,2,0,10,4,0.0
2210,2,8,2,1,1,4,1,0.0
2211,2,9,0,3,0,3,2,0.0
2212,2,9,1,3,0,2,6,0.0
2213,2,9,2,2,0,6,11,0.0
2214,2,9,3,4,0,11,9,0.0
2215,2,9,4,1,0,9,5,0.0
2216,2,9,5,3,0,5,10,0.0
2217,2,9,6,2,0,10,4,0.0
2218,2,9,7,1,1,4,1,0.0
2219,3,5,0,1,0,10,8,0.0
2220,3,5,1,1,0,8,3,0.0
2221,3,5,2,1,0,3,7,0.0
2222,3,5,3,1,0,7,3,0.0
2223,3,5,4,1,0,3,7,0.0
2224,3,5,5,2,0,7,2,0.0
2225,3,5,6,1,0,2,8,0.0
2226,3,5,7,2,0,8,7,0.0
2227,3,5,8,3,0,7,8,0.0
2228,3,5,9,4,0,8,8,0.0
2229,3,5,10,2,0,8,7,0.0
2230,3,5,11,4,0,7,7,0.0
2231,3,5,12,1,0,7,3,0.0
2232,3,5,13,2,0,3,3,0.0
2233,3,5,14,3,0,3,2,0.0
2234,3,5,15,1,0,2,8,0.0
2235,3,5,16,1,0,8,3,0.0
2236,3,5,17,4,0,3,8,0.0
2237,3,5,18,1,0,8,3,0.0
2238,3,5,19,1,0,3,7,0.0
2239,3,5,20,4,0,7,7,0.0
2240,3,5,21,3,0,7,8,0.0
2241,3,5,22,1,0,8,3,0.0
2242,3,5,23,1,0,3,7,0.0
2243,3,5,24,1,0,7,3,0.0
2244,3,5,25,1,0,3,7,0.0
2245,3,5,26,1,0,7,3,0.0
2246,3,5,27,2,0,3,3,0.0
2247,3,5,28,3,0,3,2,0.0
2248,3,5,29,2,0,2,2,0.0
2249,3,5,30,3,0,2,6,0.0
2250,3,5,31,1,0,6,7,0.0
2251,3,5,32,2,0,7,2,0.0
2252,3,5,33,3,0,2,6,0.0
2253,3,5,34,2,0,6,11,0.0
2254,3,5,35,4,0,11,9,0.0
2255,3,5,36,1,0,9,5,0.0
2256,3,5,37,4,0,5,3,0.0
2257,3,5,38,1,0,3,7,0.0
2258,3,5,39,2,0,7,2,0.0
2259,3,5,40,3,0,2,6,0.0
2260,3,5,41,2,0,6,11,0.0
2261,3,5,42,4,0,11,9,0.0
2262,3,5,43,1,0,9,5,0.0
2263,3,5,44,3,0,5,10,0.0
2264,3,5,45,2,0,10,4,0.0
2265,3,5,46,1,1,4,1,0.0
2266,3,6,0,2,0,7,2,0.0
2267,3,6,1,3,0,2,6,0.0
2268,3,6,2,2,0,6,11,0.0
2269,3,6,3,4,0,11,9,0.0
2270,3,6,4,1,0,9,5,0.0
2271,3,6,5,3,0,5,10,0.0
2272,3,6,6,1,0,10,8,0.0
2273,3,6,7,2,0,8,7,0.0
2274,3,6,8,2,0,7,2,0.0
2275,3,6,9,3,0,2,6,0.0
2276,3,6,10,2,0,6,11,0.0
2277,3,6,11,4,0,11,9,0.0
2278,3,6,12,1,0,9,5,0.0
2279,3,6,13,3,0,5,10,0.0
2280,3,6,14,2,0,10,4,0.0
2281,3,6,15,1,1,4,1,0.0
2282,3,7,0,1,0,9,5,0.0
2283,3,7,1,3,0,5,10,0.0
2284,3,7,2,2,0,10,4,0.0
2285,3,7,3,1,1,4,1,0.0
2286,3,8,0,3,0,5,10,0.0
2287,3,8,1,2,0,10,4,0.0
2288,3,8,2,1,1,4,1,0.0
2289,3,9,0,1,0,3,7,0.0
2290,3,9,1,2,0,7,2,0.0
2291,3,9,2,3,0,2,6,0.0
2292,3,9,3,2,0,6,11,0.0
2293,3,9,4,4,0,11,9,0.0
2294,3,9,5,1,0,9,5,0.0
2295,3,9,6,3,0,5,10,0.0
2296,3,9,7,2,0,10,4,0.0
2297,3,9,8,1,1,4,1,0.0
2298,4,5,0,2,0,10,4,0.0
2299,4,5,1,1,1,4,1,0.0
2300,4,6,0,3,0,7,8,0.0
2301,4,6,1,3,0,8,2,0.0
2302,4,6,2,3,0,2,6,0.0
2303,4,6,3,2,0,6,11,0.0
2304,4,6,4,1,0,11,3,0.0
2305,4,6,5,3,0,3,2,0.0
2306,4,6,6,3,0,2,6,0.0
2307,4,6,7,2,0,6,11,0.0
2308,4,6,8,4,0,11,9,0.0
2309,4,6,9,1,0,9,5,0.0
2310,4,6,10,3,0,5,10,0.0
2311,4,6,11,2,0,10,4,0.0
2312,4,6,12,1,1,4,1,0.0
2313,4,7,0,1,0,9,5,0.0
2314,4,7,1,3,0,5,10,0.0
2315,4,7,2,2,0,10,4,0.0
2316,4,7,3,1,1,4,1,0.0
2317,4,8,0,3,0,5,10,0.0
2318,4,8,1,2,0,10,4,0.0
2319,4,8,2,1,1,4,1,0.0
2320,4,9,0,3,0,3,2,0.0
2321,4,9,1,3,0,2,6,0.0
2322,4,9,2,2,0,6,11,0.0
2323,4,9,3,4,0,11,9,0.0
2324,4,9,4,1,0,9,5,0.0
2325,4,9,5,3,0,5,10,0.0
2326,4,9,6,2,0,10,4,0.0
2327,4,9,7,1,1,4,1,0.0
2328,5,5,0,2,0,10,4,0.0
2329,5,5,1,4,0,4,4,0.0
2330,5,5,2,1,1,4,1,0.0
2331,5,6,0,2,0,7,2,0.0
2332,5,6,1,3,0,2,6,0.0
2333,5,6,2,2,0,6,11,0.0
2334,5,6,3,1,0,11,3,0.0
2335,5,6,4,3,0,3,2,0.0
2336,5,6,5,3,0,2,6,0.0
2337,5,6,6,2,0,6,11,0.0
2338,5,6,7,4,0,11,9,0.0
2339,5,6,8,1,0,9,5,0.0
2340,5,6,9,3,0,5,10,0.0
2341,5,6,10,2,0,10,4,0.0
2342,5,6,11,1,1,4,1,0.0
2343,5,7,0,1,0,9,5,0.0
2344,5,7,1,3,0,5,10,0.0
2345,5,7,2,2,0,10,4,0.0
2346,5,7,3,1,1,4,1,0.0
2347,5,8,0,3,0,5,10,0.0
2348,5,8,1,2,0,10,4,0.0
2349,5,8,2,1,1,4,1,0.0
2350,5,9,0,3,0,3,2,0.0
2351,5,9,1,3,0,2,6,0.0
2352,5,9,2,2,0,6,11,0.0
2353,5,9,3,4,0,11,9,0.0
2354,5,9,4,1,0,9,5,0.0
2355,5,9,5,3,0,5,10,0.0
2356,5,9,6,2,0,10,4,0.0
2357,5,9,7,1,1,4,1,0.0
2358,6,5,0,1,0,10,8,0.0
2359,6,5,1,1,0,8,3,0.0
2360,6,5,2,1,0,3,7,0.0
2361,6,5,3,1,0,7,3,0.0
2362,6,5,4,1,0,3,7,0.0
2363,6,5,5,2,0,7,2,0.0
2364,6,5,6,2,0,2,2,0.0
2365,6,5,7,3,0,2,6,0.0
2366,6,5,8,3,0,6,3,0.0
2367,6,5,9,1,0,3,7,0.0
2368,6,5,10,2,0,7,2,0.0
2369,6,5,11,3,0,2,6,0.0
2370,6,5,12,4,0,6,6,0.0
2371,6,5,13,1,0,6,7,0.0
2372,6,5,14,2,0,7,2,0.0
2373,6,5,15,3,0,2,6,0.0
2374,6,5,16,2,0,6,11,0.0
2375,6,5,17,1,0,11,3,0.0
2376,6,5,18,1,0,3,7,0.0
2377,6,5,19,2,0,7,2,0.0
2378,6,5,20,3,0,2,6,0.0
2379,6,5,21,2,0,6,11,0.0
2380,6,5,22,2,0,11,7,0.0
2381,6,5,23,2,0,7,2,0.0
2382,6,5,24,3,0,2,6,0.0
2383,6,5,25,2,0,6,11,0.0
2384,6,5,26,3,0,11,11,0.0
2385,6,5,27,4,0,11,9,0.0
2386,6,5,28,1,0,9,5,0.0
2387,6,5,29,2,0,5,8,0.0
2388,6,5,30,1,0,8,3,0.0
2389,6,5,31,1,0,3,7,0.0
2390,6,5,32,2,0,7,2,0.0
2391,6,5,33,3,0,2,6,0.0
2392,6,5,34,2,0,6,11,0.0
2393,6,5,35,4,0,11,9,0.0
2394,6,5,36,1,0,9,5,0.0
2395,6,5,37,2,0,5,8,0.0
2396,6,5,38,1,0,8,3,0.0
2397,6,5,39,1,0,3,7,0.0
2398,6,5,40,2,0,7,2,0.0
2399,6,5,41,3,0,2,6,0.0
2400,6,5,42,2,0,6,11,0.0
2401,6,5,43,4,0,11,9,0.0
2402,6,5,44,1,0,9,5,0.0
2403,6,5,45,3,0,5,10,0.0
2404,6,5,46,1,0,10,8,0.0
2405,6,5,47,1,0,8,3,0.0
2406,6,5,48,1,0,3,7,0.0
2407,6,5,49,2,0,7,2,0.0
2408,6,5,50,3,0,2,6,0.0
2409,6,5,51,2,0,6,11,0.0
2410,6,5,52,4,0,11,9,0.0
2411,6,5,53,1,0,9,5,0.0
2412,6,5,54,4,0,5,3,0.0
2413,6,5,55,1,0,3,7,0.0
2414,6,5,56,2,0,7,2,0.0
2415,6,5,57,3,0,2,6,0.0
2416,6,5,58,2,0,6,11,0.0
2417,6,5,59,4,0,11,9,0.0
2418,6,5,60,1,0,9,5,0.0
2419,6,5,61,1,0,5,5,0.0
2420,6,5,62,3,0,5,10,0.0
2421,6,5,63,2,0,10,4,0.0
2422,6,5,64,1,1,4,1,0.0
2423,6,6,0,2,0,7,2,0.0
2424,6,6,1,3,0,2,6,0.0
2425,6,6,2,2,0,6,11,0.0
2426,6,6,3,4,0,11,9,0.0
2427,6,6,4,1,0,9,5,0.0
2428,6,6,5,2,0,5,8,0.0
2429,6,6,6,1,0,8,3,0.0
2430,6,6,7,1,0,3,7,0.0
2431,6,6,8,2,0,7,2,0.0
2432,6,6,9,3,0,2,6,0.0
2433,6,6,10,2,0,6,11,0.0
2434,6,6,11,4,0,11,9,0.0
2435,6,6,12,1,0,9,5,0.0
2436,6,6,13,3,0,5,10,0.0
2437,6,6,14,2,0,10,4,0.0
2438,6,6,15,1,1,4,1,0.0
2439,6,7,0,1,0,9,5,0.0
2440,6,7,1,3,0,5,10,0.0
2441,6,7,2,2,0,10,4,0.0
2442,6,7,3,1,1,4,1,0.0
2443,6,8,0,3,0,5,10,0.0
2444,6,8,1,2,0,10,4,0.0
2445,6,8,2,1,1,4,1,0.0
2446,6,9,0,1,0,3,7,0.0
2447,6,9,1,2,0,7,2,0.0
2448,6,9,2,3,0,2,6,0.0
2449,6,9,3,2,0,6,11,0.0
2450,6,9,4,4,0,11,9,0.0
2451,6,9,5,1,0,9,5,0.0
2452,6,9,6,3,0,5,10,0.0
2453,6,9,7,2,0,10,4,0.0
2454,6,9,8,1,1,4,1,0.0
2455,7,5,0,1,0,10,8,0.0
2456,7,5,1,3,0,8,2,0.0
2457,7,5,2,3,0,2,6,0.0
2458,7,5,3,3,0,6,3,0.0
2459,7,5,4,3,0,3,2,0.0
2460,7,5,5,3,0,2,6,0.0
2461,7,5,6,2,0,6,11,0.0
2462,7,5,7,1,0,11,3,0.0
2463,7,5,8,3,0,3,2,0.0
2464,7,5,9,3,0,2,6,0.0
2465,7,5,10,2,0,6,11,0.0
2466,7,5,11,2,0,11,7,0.0
2467,7,5,12,1,0,7,3,0.0
2468,7,5,13,4,0,3,8,0.0
2469,7,5,14,1,0,8,3,0.0
2470,7,5,15,1,0,3,7,0.0
2471,7,5,16,1,0,7,3,0.0
2472,7,5,17,3,0,3,2,0.0
2473,7,5,18,1,0,2,8,0.0
2474,7,5,19,2,0,8,7,0.0
2475,7,5,20,3,0,7,8,0.0
2476,7,5,21,4,0,8,8,0.0
2477,7,5,22,2,0,8,7,0.0
2478,7,5,23,1,0,7,3,0.0
2479,7,5,24,3,0,3,2,0.0
2480,7,5,25,3,0,2,6,0.0
2481,7,5,26,4,0,6,6,0.0
2482,7,5,27,2,0,6,11,0.0
2483,7,5,28,3,0,11,11,0.0
2484,7,5,29,4,0,11,9,0.0
2485,7,5,30,1,0,9,5,0.0
2486,7,5,31,1,0,5,5,0.0
2487,7,5,32,2,0,5,8,0.0
2488,7,5,33,3,0,8,2,0.0
2489,7,5,34,3,0,2,6,0.0
2490,7,5,35,2,0,6,11,0.0
2491,7,5,36,3,0,11,11,0.0
2492,7,5,37,4,0,11,9,0.0
2493,7,5,38,2,0,9,8,0.0
2494,7,5,39,3,0,8,2,0.0
2495,7,5,40,3,0,2,6,0.0
2496,7,5,41,2,0,6,11,0.0
2497,7,5,42,4,0,11,9,0.0
2498,7,5,43,1,0,9,5,0.0
2499,7,5,44,4,0,5,3,0.0
2500,7,5,45,4,0,3,8,0.0
2501,7,5,46,2,0,8,7,0.0
2502,7,5,47,3,0,7,8,0.0
2503,7,5,48,4,0,8,8,0.0
2504,7,5,49,2,0,8,7,0.0
2505,7,5,50,4,0,7,7,0.0
2506,7,5,51,3,0,7,8,0.0
2507,7,5,52,1,0,8,3,0.0
2508,7,5,53,2,0,3,3,0.0
2509,7,5,54,3,0,3,2,0.0
2510,7,5,55,4,0,2,7,0.0
2511,7,5,56,3,0,7,8,0.0
2512,7,5,57,1,0,8,3,0.0
2513,7,5,58,1,0,3,7,0.0
2514,7,5,59,2,0,7,2,0.0
2515,7,5,60,3,0,2,6,0.0
2516,7,5,61,3,0,6,3,0.0
2517,7,5,62,1,0,3,7,0.0
2518,7,5,63,1,0,7,3,0.0
2519,7,5,64,1,0,3,7,0.0
2520,7,5,65,3,0,7,8,0.0
2521,7,5,66,1,0,8,3,0.0
2522,7,5,67,1,0,3,7,0.0
2523,7,5,68,3,0,7,8,0.0
2524,7,5,69,4,0,8,8,0.0
2525,7,5,70,1,0,8,3,0.0
2526,7,5,71,1,0,3,7,0.0
2527,7,5,72,2,0,7,2,0.0
2528,7,5,73,3,0,2,6,0.0
2529,7,5,74,2,0,6,11,0.0
2530,7,5,75,4,0,11,9,0.0
2531,7,5,76,3,0,9,9,0.0
2532,7,5,77,4,0,9,7,0.0
2533,7,5,78,2,0,7,2,0.0
2534,7,5,79,3,0,2,6,0.0
2535,7,5,80,2,0,6,11,0.0
2536,7,5,81,4,0,11,9,0.0
2537,7,5,82,1,0,9,5,0.0
2538,7,5,83,1,0,5,5,0.0
2539,7,5,84,2,0,5,8,0.0
2540,7,5,85,1,0,8,3,0.0
2541,7,5,86,1,0,3,7,0.0
2542,7,5,87,2,0,7,2,0.0
2543,7,5,88,3,0,2,6,0.0
2544,7,5,89,2,0,6,11,0.0
2545,7,5,90,4,0,11,9,0.0
2546,7,5,91,1,0,9,5,0.0
2547,7,5,92,3,0,5,10,0.0
2548,7,5,93,1,0,10,8,0.0
2549,7,5,94,1,0,8,3,0.0
2550,7,5,95,1,0,3,7,0.0
2551,7,5,96,2,0,7,2,0.0
2552,7,5,97,3,0,2,6,0.0
2553,7,5,98,2,0,6,11,0.0
2554,7,5,99,4,0,11,9,0.0
2555,7,5,100,1,0,9,5,0.0
2556,7,5,101,3,0,5,10,0.0
2557,7,5,102,3,0,10,7,0.0
2558,7,5,103,2,0,7,2,0.0
2559,7,5,104,3,0,2,6,0.0
2560,7,5,105,2,0,6,11,0.0
2561,7,5,106,4,0,11,9,0.0
2562,7,5,107,1,0,9,5,0.0
2563,7,5,108,3,0,5,10,0.0
2564,7,5,109,4,0,10,10,0.0
2565,7,5,110,2,0,10,4,0.0
2566,7,5,111,1,1,4,1,0.0
2567,7,6,0,2,0,7,2,0.0
2568,7,6,1,3,0,2,6,0.0
2569,7,6,2,2,0,6,11,0.0
2570,7,6,3,4,0,11,9,0.0
2571,7,6,4,1,0,9,5,0.0
2572,7,6,5,3,0,5,10,0.0
2573,7,6,6,3,0,10,7,0.0
2574,7,6,7,2,0,7,2,0.0
2575,7,6,8,3,0,2,6,0.0
2576,7,6,9,2,0,6,11,0.0
2577,7,6,10,4,0,11,9,0.0
2578,7,6,11,1,0,9,5,0.0
2579,7,6,12,3,0,5,10,0.0
2580,7,6,13,2,0,10,4,0.0
2581,7,6,14,1,1,4,1,0.0
2582,7,7,0,1,0,9,5,0.0
2583,7,7,1,3,0,5,10,0.0
2584,7,7,2,2,0,10,4,0.0
2585,7,7,3,1,1,4,1,0.0
2586,7,8,0,3,0,5,10,0.0
2587,7,8,1,2,0,10,4,0.0
2588,7,8,2,1,1,4,1,0.0
2589,7,9,0,1,0,3,7,0.0
2590,7,9,1,2,0,7,2,0.0
2591,7,9,2,3,0,2,6,0.0
2592,7,9,3,2,0,6,11,0.0
2593,7,9,4,4,0,11,9,0.0
2594,7,9,5,1,0,9,5,0.0
2595,7,9,6,3,0,5,10,0.0
2596,7,9,7,2,0,10,4,0.0
2597,7,9,8,1,1,4,1,0.0
2598,8,5,0,2,0,10,4,0.0
2599,8,5,1,3,0,4,3,0.0
2600,8,5,2,2,0,3,3,0.0
2601,8,5,3,2,0,3,3,0.0
2602,8,5,4,1,0,3,7,0.0
2603,8,5,5,4,0,7,7,0.0
2604,8,5,6,3,0,7,8,0.0
2605,8,5,7,4,0,8,8,0.0
2606,8,5,8,3,0,8,2,0.0
2607,8,5,9,3,0,2,6,0.0
2608,8,5,10,2,0,6,11,0.0
2609,8,5,11,1,0,11,3,0.0
2610,8,5,12,1,0,3,7,0.0
2611,8,5,13,2,0,7,2,0.0
2612,8,5,14,3,0,2,6,0.0
2613,8,5,15,2,0,6,11,0.0
2614,8,5,16,2,0,11,7,0.0
2615,8,5,17,4,0,7,7,0.0
2616,8,5,18,3,0,7,8,0.0
2617,8,5,19,1,0,8,3,0.0
2618,8,5,20,1,0,3,7,0.0
2619,8,5,21,3,0,7,8,0.0
2620,8,5,22,3,0,8,2,0.0
2621,8,5,23,3,0,2,6,0.0
2622,8,5,24,2,0,6,11,0.0
2623,8,5,25,3,0,11,11,0.0
2624,8,5,26,4,0,11,9,0.0
2625,8,5,27,1,0,9,5,0.0
2626,8,5,28,3,0,5,10,0.0
2627,8,5,29,3,0,10,7,0.0
2628,8,5,30,3,0,7,8,0.0
2629,8,5,31,3,0,8,2,0.0
2630,8,5,32,3,0,2,6,0.0
2631,8,5,33,2,0,6,11,0.0
2632,8,5,34,4,0,11,9,0.0
2633,8,5,35,1,0,9,5,0.0
2634,8,5,36,3,0,5,10,0.0
2635,8,5,37,4,0,10,10,0.0
2636,8,5,38,2,0,10,4,0.0
2637,8,5,39,3,0,4,3,0.0
2638,8,5,40,3,0,3,2,0.0
2639,8,5,41,3,0,2,6,0.0
2640,8,5,42,2,0,6,11,0.0
2641,8,5,43,4,0,11,9,0.0
2642,8,5,44,2,0,9,8,0.0
2643,8,5,45,1,0,8,3,0.0
2644,8,5,46,3,0,3,2,0.0
2645,8,5,47,3,0,2,6,0.0
2646,8,5,48,2,0,6,11,0.0
2647,8,5,49,4,0,11,9,0.0
2648,8,5,50,2,0,9,8,0.0
2649,8,5,51,1,0,8,3,0.0
2650,8,5,52,3,0,3,2,0.0
2651,8,5,53,3,0,2,6,0.0
2652,8,5,54,2,0,6,11,0.0
2653,8,5,55,4,0,11,9,0.0
2654,8,5,56,4,0,9,7,0.0
2655,8,5,57,1,0,7,3,0.0
2656,8,5,58,3,0,3,2,0.0
2657,8,5,59,3,0,2,6,0.0
2658,8,5,60,2,0,6,11,0.0
2659,8,5,61,4,0,11,9,0.0
2660,8,5,62,4,0,9,7,0.0
2661,8,5,63,1,0,7,3,0.0
2662,8,5,64,3,0,3,2,0.0
2663,8,5,65,3,0,2,6,0.0
2664,8,5,66,2,0,6,11,0.0
2665,8,5,67,4,0,11,9,0.0
2666,8,5,68,1,0,9,5,0.0
2667,8,5,69,3,0,5,10,0.0
2668,8,5,70,1,0,10,8,0.0
2669,8,5,71,1,0,8,3,0.0
2670,8,5,72,3,0,3,2,0.0
2671,8,5,73,3,0,2,6,0.0
2672,8,5,74,2,0,6,11,0.0
2673,8,5,75,4,0,11,9,0.0
2674,8,5,76,1,0,9,5,0.0
2675,8,5,77,2,0,5,8,0.0
2676,8,5,78,1,0,8,3,0.0
2677,8,5,79,3,0,3,2,0.0
2678,8,5,80,3,0,2,6,0.0
2679,8,5,81,2,0,6,11,0.0
2680,8,5,82,4,0,11,9,0.0
2681,8,5,83,1,0,9,5,0.0
2682,8,5,84,1,0,5,5,0.0
2683,8,5,85,3,0,5,10,0.0
2684,8,5,86,2,0,10,4,0.0
2685,8,5,87,2,0,4,7,0.0
2686,8,5,88,1,0,7,3,0.0
2687,8,5,89,3,0,3,2,0.0
2688,8,5,90,3,0,2,6,0.0
2689,8,5,91,2,0,6,11,0.0
2690,8,5,92,4,0,11,9,0.0
2691,8,5,93,1,0,9,5,0.0
2692,8,5,94,3,0,5,10,0.0
2693,8,5,95,4,0,10,10,0.0
2694,8,5,96,3,0,10,7,0.0
2695,8,5,97,1,0,7,3,0.0
2696,8,5,98,3,0,3,2,0.0
2697,8,5,99,3,0,2,6,0.0
2698,8,5,100,2,0,6,11,0.0
2699,8,5,101,4,0,11,9,0.0
2700,8,5,102,1,0,9,5,0.0
2701,8,5,103,2,0,5,8,0.0
2702,8,5,104,1,0,8,3,0.0
2703,8,5,105,3,0,3,2,0.0
2704,8,5,106,3,0,2,6,0.0
2705,8,5,107,2,0,6,11,0.0
2706,8,5,108,4,0,11,9,0.0
2707,8,5,109,1,0,9,5,0.0
2708,8,5,110,1,0,5,5,0.0
2709,8,5,111,4,0,5,3,0.0
2710,8,5,112,3,0,3,2,0.0
2711,8,5,113,3,0,2,6,0.0
2712,8,5,114,2,0,6,11,0.0
2713,8,5,115,4,0,11,9,0.0
2714,8,5,116,1,0,9,5,0.0
2715,8,5,117,3,0,5,10,0.0
2716,8,5,118,2,0,10,4,0.0
2717,8,5,119,1,1,4,1,0.0
2718,8,6,0,1,0,7,3,0.0
2719,8,6,1,3,0,3,2,0.0
2720,8,6,2,3,0,2,6,0.0
2721,8,6,3,2,0,6,11,0.0
2722,8,6,4,4,0,11,9,0.0
2723,8,6,5,1,0,9,5,0.0
2724,8,6,6,3,0,5,10,0.0
2725,8,6,7,2,0,10,4,0.0
2726,8,6,8,1,1,4,1,0.0
2727,8,7,0,1,0,9,5,0.0
2728,8,7,1,3,0,5,10,0.0
2729,8,7,2,2,0,10,4,0.0
2730,8,7,3,1,1,4,1,0.0
2731,8,8,0,3,0,5,10,0.0
2732,8,8,1,2,0,10,4,0.0
2733,8,8,2,1,1,4,1,0.0
2734,8,9,0,1,0,3,7,0.0
2735,8,9,1,1,0,7,3,0.0
2736,8,9,2,3,0,3,2,0.0
2737,8,9,3,3,0,2,6,0.0
2738,8,9,4,2,0,6,11,0.0
2739,8,9,5,4,0,11,9,0.0
2740,8,9,6,1,0,9,5,0.0
2741,8,9,7,3,0,5,10,0.0
2742,8,9,8,2,0,10,4,0.0
2743,8,9,9,1,1,4,1,0.0
2744,9,5,0,2,0,10,4,0.0
2745,9,5,1,4,0,4,4,0.0
2746,9,5,2,3,0,4,3,0.0
2747,9,5,3,1,0,3,7,0.0
2748,9,5,4,1,0,7,3,0.0
2749,9,5,5,1,0,3,7,0.0
2750,9,5,6,1,0,7,3,0.0
2751,9,5,7,2,0,3,3,0.0
2752,9,5,8,3,0,3,2,0.0
2753,9,5,9,3,0,2,6,0.0
2754,9,5,10,3,0,6,3,0.0
2755,9,5,11,1,0,3,7,0.0
2756,9,5,12,1,0,7,3,0.0
2757,9,5,13,3,0,3,2,0.0
2758,9,5,14,3,0,2,6,0.0
2759,9,5,15,2,0,6,11,0.0
2760,9,5,16,4,0,11,9,0.0
2761,9,5,17,3,0,9,9,0.0
2762,9,5,18,4,0,9,7,0.0
2763,9,5,19,3,0,7,8,0.0
2764,9,5,20,3,0,8,2,0.0
2765,9,5,21,3,0,2,6,0.0
2766,9,5,22,2,0,6,11,0.0
2767,9,5,23,1,0,11,3,0.0
2768,9,5,24,3,0,3,2,0.0
2769,9,5,25,3,0,2,6,0.0
2770,9,5,26,2,0,6,11,0.0
2771,9,5,27,2,0,11,7,0.0
2772,9,5,28,3,0,7,8,0.0
2773,9,5,29,3,0,8,2,0.0
2774,9,5,30,3,0,2,6,0.0
2775,9,5,31,4,0,6,6,0.0
2776,9,5,32,2,0,6,11,0.0
2777,9,5,33,4,0,11,9,0.0
2778,9,5,34,1,0,9,5,0.0
2779,9,5,35,3,0,5,10,0.0
2780,9,5,36,3,0,10,7,0.0
2781,9,5,37,3,0,7,8,0.0
2782,9,5,38,3,0,8,2,0.0
2783,9,5,39,3,0,2,6,0.0
2784,9,5,40,2,0,6,11,0.0
2785,9,5,41,4,0,11,9,0.0
2786,9,5,42,1,0,9,5,0.0
2787,9,5,43,2,0,5,8,0.0
2788,9,5,44,3,0,8,2,0.0
2789,9,5,45,3,0,2,6,0.0
2790,9,5,46,2,0,6,11,0.0
2791,9,5,47,4,0,11,9,0.0
2792,9,5,48,1,0,9,5,0.0
2793,9,5,49,4,0,5,3,0.0
2794,9,5,50,3,0,3,2,0.0
2795,9,5,51,3,0,2,6,0.0
2796,9,5,52,2,0,6,11,0.0
2797,9,5,53,4,0,11,9,0.0
2798,9,5,54,1,0,9,5,0.0
2799,9,5,55,1,0,5,5,0.0
2800,9,5,56,2,0,5,8,0.0
2801,9,5,57,3,0,8,2,0.0
2802,9,5,58,4,0,2,7,0.0
2803,9,5,59,3,0,7,8,0.0
2804,9,5,60,3,0,8,2,0.0
2805,9,5,61,3,0,2,6,0.0
2806,9,5,62,2,0,6,11,0.0
2807,9,5,63,4,0,11,9,0.0
2808,9,5,64,2,0,9,8,0.0
2809,9,5,65,4,0,8,8,0.0
2810,9,5,66,2,0,8,7,0.0
2811,9,5,67,2,0,7,2,0.0
2812,9,5,68,2,0,2,2,0.0
2813,9,5,69,1,0,2,8,0.0
2814,9,5,70,1,0,8,3,0.0
2815,9,5,71,1,0,3,7,0.0
2816,9,5,72,1,0,7,3,0.0
2817,9,5,73,3,0,3,2,0.0
2818,9,5,74,4,0,2,7,0.0
2819,9,5,75,4,0,7,7,0.0
2820,9,5,76,3,0,7,8,0.0
2821,9,5,77,3,0,8,2,0.0
2822,9,5,78,3,0,2,6,0.0
2823,9,5,79,4,0,6,6,0.0
2824,9,5,80,1,0,6,7,0.0
2825,9,5,81,3,0,7,8,0.0
2826,9,5,82,3,0,8,2,0.0
2827,9,5,83,3,0,2,6,0.0
2828,9,5,84,2,0,6,11,0.0
2829,9,5,85,1,0,11,3,0.0
2830,9,5,86,3,0,3,2,0.0
2831,9,5,87,3,0,2,6,0.0
2832,9,5,88,2,0,6,11,0.0
2833,9,5,89,2,0,11,7,0.0
2834,9,5,90,2,0,7,2,0.0
2835,9,5,91,3,0,2,6,0.0
2836,9,5,92,2,0,6,11,0.0
2837,9,5,93,4,0,11,9,0.0
2838,9,5,94,4,0,9,7,0.0
2839,9,5,95,4,0,7,7,0.0
2840,9,5,96,3,0,7,8,0.0
2841,9,5,97,3,0,8,2,0.0
2842,9,5,98,3,0,2,6,0.0
2843,9,5,99,2,0,6,11,0.0
2844,9,5,100,4,0,11,9,0.0
2845,9,5,101,1,0,9,5,0.0
2846,9,5,102,3,0,5,10,0.0
2847,9,5,103,2,0,10,4,0.0
2848,9,5,104,1,1,4,1,0.0
2849,9,6,0,3,0,7,8,0.0
2850,9,6,1,3,0,8,2,0.0
2851,9,6,2,3,0,2,6,0.0
2852,9,6,3,2,0,6,11,0.0
2853,9,6,4,4,0,11,9,0.0
2854,9,6,5,1,0,9,5,0.0
2855,9,6,6,3,0,5,10,0.0
2856,9,6,7,2,0,10,4,0.0
2857,9,6,8,1,1,4,1,0.0
2858,9,7,0,1,0,9,5,0.0
2859,9,7,1,3,0,5,10,0.0
2860,9,7,2,2,0,10,4,0.0
2861,9,7,3,1,1,4,1,0.0
2862,9,8,0,3,0,5,10,0.0
2863,9,8,1,2,0,10,4,0.0
2864,9,8,2,1,1,4,1,0.0
2865,9,9,0,3,0,3,2,0.0
2866,9,9,1,3,0,2,6,0.0
2867,9,9,2,2,0,6,11,0.0
2868,9,9,3,4,0,11,9,0.0
2869,9,9,4,1,0,9,5,0.0
2870,9,9,5,3,0,5,10,0.0
2871,9,9,6,2,0,10,4,0.0
2872,9,9,7,1,1,4,1,0.0
2873,10,5,0,2,0,10,4,0.0
2874,10,5,1,1,1,4,1,0.0
2875,10,6,0,3,0,7,8,0.0
2876,10,6,1,3,0,8,2,0.0
2877,10,6,2,3,0,2,6,0.0
2878,10,6,3,2,0,6,11,0.0
2879,10,6,4,4,0,11,9,0.0
2880,10,6,5,1,0,9,5,0.0
2881,10,6,6,3,0,5,10,0.0
2882,10,6,7,2,0,10,4,0.0
2883,10,6,8,1,1,4,1,0.0
2884,10,7,0,4,0,9,7,0.0
2885,10,7,1,3,0,7,8,0.0
2886,10,7,2,3,0,8,2,0.0
2887,10,7,3,3,0,2,6,0.0
2888,10,7,4,2,0,6,11,0.0
2889,10,7,5,1,0,11,3,0.0
2890,10,7,6,3,0,3,2,0.0
2891,10,7,7,3,0,2,6,0.0
2892,10,7,8,2,0,6,11,0.0
2893,10,7,9,4,0,11,9,0.0
2894,10,7,10,1,0,9,5,0.0
2895,10,7,11,3,0,5,10,0.0
2896,10,7,12,2,0,10,4,0.0
2897,10,7,13,1,1,4,1,0.0
2898,10,8,0,3,0,5,10,0.0
2899,10,8,1,2,0,10,4,0.0
2900,10,8,2,1,1,4,1,0.0
2901,10,9,0,3,0,3,2,0.0
2902,10,9,1,3,0,2,6,0.0
2903,10,9,2,2,0,6,11,0.0
2904,10,9,3,4,0,11,9,0.0
2905,10,9,4,1,0,9,5,0.0
2906,10,9,5,3,0,5,10,0.0
2907,10,9,6,2,0,10,4,0.0
2908,10,9,7,1,1,4,1,0.0
2909,11,5,0,2,0,10,4,0.0
2910,11,5,1,4,0,4,4,0.0
2911,11,5,2,1,1,4,1,0.0
2912,11,6,0,1,0,7,3,0.0
2913,11,6,1,1,0,3,7,0.0
2914,11,6,2,1,0,7,3,0.0
2915,11,6,3,2,0,3,3,0.0
2916,11,6,4,3,0,3,2,0.0
2917,11,6,5,1,0,2,8,0.0
2918,11,6,6,1,0,8,3,0.0
2919,11,6,7,4,0,3,8,0.0
2920,11,6,8,2,0,8,7,0.0
2921,11,6,9,1,0,7,3,0.0
2922,11,6,10,4,0,3,8,0.0
2923,11,6,11,3,0,8,2,0.0
2924,11,6,12,1,0,2,8,0.0
2925,11,6,13,3,0,8,2,0.0
2926,11,6,14,3,0,2,6,0.0
2927,11,6,15,1,0,6,7,0.0
2928,11,6,16,3,0,7,8,0.0
2929,11,6,17,4,0,8,8,0.0
2930,11,6,18,3,0,8,2,0.0
2931,11,6,19,4,0,2,7,0.0
2932,11,6,20,2,0,7,2,0.0
2933,11,6,21,3,0,2,6,0.0
2934,11,6,22,2,0,6,11,0.0
2935,11,6,23,1,0,11,3,0.0
2936,11,6,24,2,0,3,3,0.0
2937,11,6,25,3,0,3,2,0.0
2938,11,6,26,2,0,2,2,0.0
2939,11,6,27,3,0,2,6,0.0
2940,11,6,28,3,0,6,3,0.0
2941,11,6,29,2,0,3,3,0.0
2942,11,6,30,4,0,3,8,0.0
2943,11,6,31,3,0,8,2,0.0
2944,11,6,32,2,0,2,2,0.0
2945,11,6,33,3,0,2,6,0.0
2946,11,6,34,2,0,6,11,0.0
2947,11,6,35,2,0,11,7,0.0
2948,11,6,36,2,0,7,2,0.0
2949,11,6,37,3,0,2,6,0.0
2950,11,6,38,2,0,6,11,0.0
2951,11,6,39,3,0,11,11,0.0
2952,11,6,40,4,0,11,9,0.0
2953,11,6,41,1,0,9,5,0.0
2954,11,6,42,1,0,5,5,0.0
2955,11,6,43,2,0,5,8,0.0
2956,11,6,44,3,0,8,2,0.0
2957,11,6,45,3,0,2,6,0.0
2958,11,6,46,2,0,6,11,0.0
2959,11,6,47,4,0,11,9,0.0
2960,11,6,48,2,0,9,8,0.0
2961,11,6,49,3,0,8,2,0.0
2962,11,6,50,3,0,2,6,0.0
2963,11,6,51,2,0,6,11,0.0
2964,11,6,52,3,0,11,11,0.0
2965,11,6,53,4,0,11,9,0.0
2966,11,6,54,3,0,9,9,0.0
2967,11,6,55,4,0,9,7,0.0
2968,11,6,56,2,0,7,2,0.0
2969,11,6,57,4,0,2,7,0.0
2970,11,6,58,2,0,7,2,0.0
2971,11,6,59,3,0,2,6,0.0
2972,11,6,60,2,0,6,11,0.0
2973,11,6,61,4,0,11,9,0.0
2974,11,6,62,1,0,9,5,0.0
2975,11,6,63,3,0,5,10,0.0
2976,11,6,64,1,0,10,8,0.0
2977,11,6,65,3,0,8,2,0.0
2978,11,6,66,3,0,2,6,0.0
2979,11,6,67,2,0,6,11,0.0
2980,11,6,68,4,0,11,9,0.0
2981,11,6,69,1,0,9,5,0.0
2982,11,6,70,3,0,5,10,0.0
2983,11,6,71,2,0,10,4,0.0
2984,11,6,72,2,0,4,7,0.0
2985,11,6,73,2,0,7,2,0.0
2986,11,6,74,3,0,2,6,0.0
2987,11,6,75,2,0,6,11,0.0
2988,11,6,76,4,0,11,9,0.0
2989,11,6,77,1,0,9,5,0.0
2990,11,6,78,4,0,5,3,0.0
2991,11,6,79,1,0,3,7,0.0
2992,11,6,80,2,0,7,2,0.0
2993,11,6,81,3,0,2,6,0.0
2994,11,6,82,2,0,6,11,0.0
2995,11,6,83,4,0,11,9,0.0
2996,11,6,84,1,0,9,5,0.0
2997,11,6,85,3,0,5,10,0.0
2998,11,6,86,3,0,10,7,0.0
2999,11,6,87,2,0,7,2,0.0
3000,11,6,88,3,0,2,6,0.0
3001,11,6,89,2,0,6,11,0.0
3002,11,6,90,4,0,11,9,0.0
3003,11,6,91,1,0,9,5,0.0
3004,11,6,92,3,0,5,10,0.0
3005,11,6,93,4,0,10,10,0.0
3006,11,6,94,1,0,10,8,0.0
3007,11,6,95,3,0,8,2,0.0
3008,11,6,96,3,0,2,6,0.0
3009,11,6,97,2,0,6,11,0.0
3010,11,6,98,4,0,11,9,0.0
3011,11,6,99,1,0,9,5,0.0
3012,11,6,100,3,0,5,10,0.0
3013,11,6,101,2,0,10,4,0.0
3014,11,6,102,3,0,4,3,0.0
3015,11,6,103,1,0,3,7,0.0
3016,11,6,104,4,0,7,7,0.0
3017,11,6,105,2,0,7,2,0.0
3018,11,6,106,3,0,2,6,0.0
3019,11,6,107,2,0,6,11,0.0
3020,11,6,108,4,0,11,9,0.0
3021,11,6,109,1,0,9,5,0.0
3022,11,6,110,3,0,5,10,0.0
3023,11,6,111,2,0,10,4,0.0
3024,11,6,112,4,0,4,4,0.0
3025,11,6,113,1,1,4,1,0.0
3026,11,7,0,1,0,9,5,0.0
3027,11,7,1,3,0,5,10,0.0
3028,11,7,2,2,0,10,4,0.0
3029,11,7,3,1,1,4,1,0.0
3030,11,8,0,3,0,5,10,0.0
3031,11,8,1,2,0,10,4,0.0
3032,11,8,2,1,1,4,1,0.0
3033,11,9,0,1,0,3,7,0.0
3034,11,9,1,2,0,7,2,0.0
3035,11,9,2,3,0,2,6,0.0
3036,11,9,3,2,0,6,11,0.0
3037,11,9,4,1,0,11,3,0.0
3038,11,9,5,1,0,3,7,0.0
3039,11,9,6,2,0,7,2,0.0
3040,11,9,7,3,0,2,6,0.0
3041,11,9,8,2,0,6,11,0.0
3042,11,9,9,4,0,11,9,0.0
3043,11,9,10,1,0,9,5,0.0
3044,11,9,11,3,0,5,10,0.0
3045,11,9,12,2,0,10,4,0.0
3046,11,9,13,1,1,4,1,0.0
